Workbook

Sheet Output>>

Sheet Output
B2: Freshwater withdrawal as a proportion of available freshwater resources
B4: Approach: | C4: Xlookup the countries from the database - if not found, then manually add name. When more than one country, average the score. Cook Islands were set to level of St. Lucia. For Israel, 2021 values were used
B6: ISO | C6: Country | D6: Total | F6: Helper 1 | G6: Helper 2 | H6: Helper 3 | J6: Country Helper 1 | K6: Country Helper 2 | L6: Country Helper 3
B7: NLD | C7: Netherlands | D7: =_xlfn.XLOOKUP(B7,ED_Freshwater!$E$2:$E$179,ED_Freshwater!$CX$2:$CX$179,"N/A",0,1) -> 16.658507
B8: NOR | C8: Norway | D8: =_xlfn.XLOOKUP(B8,ED_Freshwater!$E$2:$E$179,ED_Freshwater!$CX$2:$CX$179,"N/A",0,1) -> 2.0440076
B9: SWE | C9: Sweden | D9: =_xlfn.XLOOKUP(B9,ED_Freshwater!$E$2:$E$179,ED_Freshwater!$CX$2:$CX$179,"N/A",0,1) -> 3.5829726
B10: ESP | C10: Spain | D10: =_xlfn.XLOOKUP(B10,ED_Freshwater!$E$2:$E$179,ED_Freshwater!$CX$2:$CX$179,"N/A",0,1) -> 43.254039
B11: USA | C11: United States | D11: =_xlfn.XLOOKUP(B11,ED_Freshwater!$E$2:$E$179,ED_Freshwater!$CX$2:$CX$179,"N/A",0,1) -> 28.15526
B12: JPN | C12: Japan | D12: =_xlfn.XLOOKUP(B12,ED_Freshwater!$E$2:$E$179,ED_Freshwater!$CX$2:$CX$179,"N/A",0,1) -> 36.643678
B13: CHE | C13: Switzerland | D13: =_xlfn.XLOOKUP(B13,ED_Freshwater!$E$2:$E$179,ED_Freshwater!$CX$2:$CX$179,"N/A",0,1) -> 6.4988558
B14: DEU | C14: Germany | D14: =_xlfn.XLOOKUP(B14,ED_Freshwater!$E$2:$E$179,ED_Freshwater!$CX$2:$CX$179,"N/A",0,1) -> 35.351657
B15: GBR | C15: United Kingdom | D15: =_xlfn.XLOOKUP(B15,ED_Freshwater!$E$2:$E$179,ED_Freshwater!$CX$2:$CX$179,"N/A",0,1) -> 14.354646
B16: DNK | C16: Denmark | D16: =_xlfn.XLOOKUP(B16,ED_Freshwater!$E$2:$E$179,ED_Freshwater!$CX$2:$CX$179,"N/A",0,1) -> 25.26636
B17: AUT | C17: Austria | D17: =_xlfn.XLOOKUP(B17,ED_Freshwater!$E$2:$E$179,ED_Freshwater!$CX$2:$CX$179,"N/A",0,1) -> 8.67643
B18: CHN | C18: China | D18: =_xlfn.XLOOKUP(B18,ED_Freshwater!$E$2:$E$179,ED_Freshwater!$CX$2:$CX$179,"N/A",0,1) -> 41.518529
... B43: SAU | C43: Saudi Arabia | D43: =_xlfn.XLOOKUP(B43,ED_Freshwater!$E$2:$E$179,ED_Freshwater!$CX$2:$CX$179,"N/A",0,1) -> 974.16667
B44: COK | C44: Cook Islands | D44: =D107 -> 14.3
B45: ZAF | C45: South Africa | D45: =_xlfn.XLOOKUP(B45,ED_Freshwater!$E$2:$E$179,ED_Freshwater!$CX$2:$CX$179,"N/A",0,1) -> 67.595261
B46: ARE | C46: United Arab Emirates | D46: =_xlfn.XLOOKUP(B46,ED_Freshwater!$E$2:$E$179,ED_Freshwater!$CX$2:$CX$179,"N/A",0,1) -> 1509.9333
B47: OMN | C47: Oman | D47: =_xlfn.XLOOKUP(B47,ED_Freshwater!$E$2:$E$179,ED_Freshwater!$CX$2:$CX$179,"N/A",0,1) -> 116.71429
B48: URY | C48: Uruguay | D48: =_xlfn.XLOOKUP(B48,ED_Freshwater!$E$2:$E$179,ED_Freshwater!$CX$2:$CX$179,"N/A",0,1) -> 12.052014
B49: PRY | C49: Paraguay | D49: =_xlfn.XLOOKUP(B49,ED_Freshwater!$E$2:$E$179,ED_Freshwater!$CX$2:$CX$179,"N/A",0,1) -> 1.8353997
B50: KOR | C50: Korea | D50: =_xlfn.XLOOKUP(B50,ED_Freshwater!$E$2:$E$179,ED_Freshwater!$CX$2:$CX$179,"N/A",0,1) -> 85.221833
B51: MAR | C51: Morocco | D51: =_xlfn.XLOOKUP(B51,ED_Freshwater!$E$2:$E$179,ED_Freshwater!$CX$2:$CX$179,"N/A",0,1) -> 50.751212
B52: ALB | C52: Albania | D52: =_xlfn.XLOOKUP(B52,ED_Freshwater!$E$2:$E$179,ED_Freshwater!$CX$2:$CX$179,"N/A",0,1) -> 4.7896635
B53: IDN | C53: Indonesia | D53: =_xlfn.XLOOKUP(B53,ED_Freshwater!$E$2:$E$179,ED_Freshwater!$CX$2:$CX$179,"N/A",0,1) -> 29.696545
B54: BRB | C54: Barbados | D54: =_xlfn.XLOOKUP(B54,ED_Freshwater!$E$2:$E$179,ED_Freshwater!$CX$2:$CX$179,"N/A",0,1) -> 87.5
B55: TTO | C55: Trinidad and Tobago | D55: =_xlfn.XLOOKUP(B55,ED_Freshwater!$E$2:$E$179,ED_Freshwater!$CX$2:$CX$179,"N/A",0,1) -> 20.326481
B56: BGD | C56: Bangladesh | D56: =_xlfn.XLOOKUP(B56,ED_Freshwater!$E$2:$E$179,ED_Freshwater!$CX$2:$CX$179,"N/A",0,1) -> 5.7233395
... B58: HUN | C58: Hungary | D58: =_xlfn.XLOOKUP(B58,ED_Freshwater!$E$2:$E$179,ED_Freshwater!$CX$2:$CX$179,"N/A",0,1) -> 8.1084974
B59: TWN | C59: Chinese Taipei | D59: =D18 -> 41.518529
B60: MEX | C60: Mexico | D60: =_xlfn.XLOOKUP(B60,ED_Freshwater!$E$2:$E$179,ED_Freshwater!$CX$2:$CX$179,"N/A",0,1) -> 44.945147
B61: VNM | C61: Viet Nam | D61: =_xlfn.XLOOKUP(B61,ED_Freshwater!$E$2:$E$179,ED_Freshwater!$CX$2:$CX$179,"N/A",0,1) -> 18.130315
B62: SVN | C62: Slovenia | D62: =_xlfn.XLOOKUP(B62,ED_Freshwater!$E$2:$E$179,ED_Freshwater!$CX$2:$CX$179,"N/A",0,1) -> 5.591616
B63: CZE | C63: Czech Republic | D63: =_xlfn.XLOOKUP(B63,ED_Freshwater!$E$2:$E$179,ED_Freshwater!$CX$2:$CX$179,"N/A",0,1) -> 21.973844
B64: SVK | C64: Slovak Republic | D64: =_xlfn.XLOOKUP(B64,ED_Freshwater!$E$2:$E$179,ED_Freshwater!$CX$2:$CX$179,"N/A",0,1) -> 2.4252303
B65: LTU | C65: Lithuania | D65: =_xlfn.XLOOKUP(B65,ED_Freshwater!$E$2:$E$179,ED_Freshwater!$CX$2:$CX$179,"N/A",0,1) -> 2.1655371
B66: LVA | C66: Latvia | D66: =_xlfn.XLOOKUP(B66,ED_Freshwater!$E$2:$E$179,ED_Freshwater!$CX$2:$CX$179,"N/A",0,1) -> 1.0155215
B67: IRL | C67: Ireland | D67: =_xlfn.XLOOKUP(B67,ED_Freshwater!$E$2:$E$179,ED_Freshwater!$CX$2:$CX$179,"N/A",0,1) -> 8.0510106
B68: PER | C68: Peru | D68: =_xlfn.XLOOKUP(B68,ED_Freshwater!$E$2:$E$179,ED_Freshwater!$CX$2:$CX$179,"N/A",0,1) -> 4.8284277
B69: RUS | C69: Russia | D69: =_xlfn.XLOOKUP(B69,ED_Freshwater!$E$2:$E$179,ED_Freshwater!$CX$2:$CX$179,"N/A",0,1) -> 4.1222427
B70: COL | C70: Colombia | D70: =_xlfn.XLOOKUP(B70,ED_Freshwater!$E$2:$E$179,ED_Freshwater!$CX$2:$CX$179,"N/A",0,1) -> 3.6322814
B71: KAZ | C71: Kazakhstan | D71: =_xlfn.XLOOKUP(B71,ED_Freshwater!$E$2:$E$179,ED_Freshwater!$CX$2:$CX$179,"N/A",0,1) -> 34.626907
... B107: LCA | C107: Saint Lucia | D107: =_xlfn.XLOOKUP(B107,ED_Freshwater!$E$2:$E$179,ED_Freshwater!$CX$2:$CX$179,"N/A",0,1) -> 14.3
B108: PRT ESP | C108: #N/A | D108: =AVERAGE(F108:G108) -> 27.784876 | F108: =_xlfn.XLOOKUP(J108,$B$7:$B$107,$D$7:$D$107) -> 12.315712 | G108: =_xlfn.XLOOKUP(K108,$B$7:$B$107,$D$7:$D$107) -> 43.254039 | J108: PRT | K108: ESP
B109: ROM DEU AUT | C109: #N/A | D109: =AVERAGE(G109:H109) -> 22.014044 | G109: =_xlfn.XLOOKUP(K109,$B$7:$B$107,$D$7:$D$107) -> 35.351657 | H109: =_xlfn.XLOOKUP(L109,$B$7:$B$107,$D$7:$D$107) -> 8.67643 | J109: ROM | K109: DEU | L109: AUT
B110: POL CZE SVK HUN | C110: #N/A | D110: =AVERAGE(F110:H110) -> 18.961455 | F110: =_xlfn.XLOOKUP(J110,$B$7:$B$107,$D$7:$D$107) -> 32.485289 | G110: =_xlfn.XLOOKUP(K110,$B$7:$B$107,$D$7:$D$107) -> 21.973844 | H110: =_xlfn.XLOOKUP(L110,$B$7:$B$107,$D$7:$D$107) -> 2.4252303 | J110: POL | K110: CZE | L110: SVK
B111: DEU DNK | C111: #N/A | D111: =AVERAGE(F111:G111) -> 30.309009 | F111: =_xlfn.XLOOKUP(J111,$B$7:$B$107,$D$7:$D$107) -> 35.351657 | G111: =_xlfn.XLOOKUP(K111,$B$7:$B$107,$D$7:$D$107) -> 25.26636 | J111: DEU | K111: DNK
B112: ESP FRA | C112: #N/A | D112: =AVERAGE(F112:G112) -> 32.319333 | F112: =_xlfn.XLOOKUP(J112,$B$7:$B$107,$D$7:$D$107) -> 43.254039 | G112: =_xlfn.XLOOKUP(K112,$B$7:$B$107,$D$7:$D$107) -> 21.384627 | J112: ESP | K112: FRA

Sheet Edit>>

Sheet ED_Freshwater
A1: STRUCTURE | B1: STRUCTURE_ID | C1: ACTION | D1: FREQ | E1: REF_AREA | F1: INDICATOR | G1: SEX | H1: AGE | I1: URBANISATION | J1: UNIT_MEASURE | K1: COMP_BREAKDOWN_1 | L1: COMP_BREAKDOWN_2 | M1: COMP_BREAKDOWN_3 | N1: AGG_METHOD | O1: UNIT_TYPE | P1: DECIMALS | Q1: DATABASE_ID | R1: TIME_FORMAT | S1: COMMENT_TS | T1: UNIT_MULT | U1: DATA_SOURCE | V1: OBS_CONF | W1: OBS_STATUS | X1: FREQ_LABEL | Y1: REF_AREA_LABEL | Z1: INDICATOR_LABEL | AA1: SEX_LABEL | AB1: AGE_LABEL | AC1: URBANISATION_LABEL | AD1: UNIT_MEASURE_LABEL | AE1: COMP_BREAKDOWN_1_LABEL | AF1: COMP_BREAKDOWN_2_LABEL | AG1: COMP_BREAKDOWN_3_LABEL | AH1: AGG_METHOD_LABEL | AI1: UNIT_TYPE_LABEL | AJ1: DECIMALS_LABEL | AK1: DATABASE_ID_LABEL | AL1: TIME_FORMAT_LABEL | AM1: UNIT_MULT_LABEL | AN1: OBS_STATUS_LABEL | AO1: OBS_CONF_LABEL | AP1: 1962 | AQ1: 1963 | AR1: 1964 | AS1: 1965 | AT1: 1966 | AU1: 1967 | AV1: 1968 | AW1: 1969 | AX1: 1970 | AY1: 1971 | AZ1: 1972 | BA1: 1973 | BB1: 1974 | BC1: 1975 | BD1: 1976 | BE1: 1977 | BF1: 1978 | BG1: 1979 | BH1: 1980 | BI1: 1981 | BJ1: 1982 | BK1: 1983 | BL1: 1984 | BM1: 1985 | BN1: 1986 | BO1: 1987 | BP1: 1988 | BQ1: 1989 | BR1: 1990 | BS1: 1991 | BT1: 1992 | BU1: 1993 | BV1: 1994 | BW1: 1995 | BX1: 1996 | BY1: 1997 | BZ1: 1998 | CA1: 1999 | CB1: 2000 | CC1: 2001 | CD1: 2002 | CE1: 2003 | CF1: 2004 | CG1: 2005 | CH1: 2006 | CI1: 2007 | CJ1: 2008 | CK1: 2009 | CL1: 2010 | CM1: 2011 | CN1: 2012 | CO1: 2013 | CP1: 2014 | CQ1: 2015 | CR1: 2016 | CS1: 2017 | CT1: 2018 | CU1: 2019 | CV1: 2020 | CW1: 2021 | CX1: 2022 (in %)
A2: datastructure | B2: WB.DATA360:DS_DATA360(1.3) | C2: I | D2: A | E2: VNM | F2: WB_WDI_ER_H2O_FWST_ZS | G2: _T | H2: _T | I2: _T | J2: PT_FRSH_WAT_RSC | K2: _Z | L2: _Z | M2: _Z | N2: _Z | O2: RATIO | P2: 2 | Q2: WB_WDI | R2: P1Y | S2: Level of water stress: freshwater withdrawal as a proportion of available freshwater resources | T2: 0 | U2: WB_WDI | V2: PU | W2: A | X2: Annual | Y2: Vietnam | Z2: Level of water stress: freshwater withdrawal as a proportion of available freshwater resources | AA2: Total | AB2: All age ranges or no breakdown by age | AC2: Total | AD2: Percentage of freshwater resources | AE2: Not Applicable | AF2: Not Applicable | AG2: Not Applicable | AH2: Not Applicable | AI2: Ratio | AJ2: Two | AK2: World Development Indicators (WDI) | AL2: Annual | AM2: Units | AN2: Normal value | AO2: Public | BH2: 8.3850106 | BI2: 8.7132353 | BJ2: 9.04146 | BK2: 9.3696846 | BL2: 9.6979093 | BM2: 10.026134 | BN2: 10.302888 | BO2: 10.579642 | BP2: 10.856396 | BQ2: 11.13315 | BR2: 11.409904 | BS2: 11.859408 | BT2: 12.308912 | BU2: 12.758416 | BV2: 13.20792 | BW2: 13.657424 | BX2: 14.106928 | BY2: 14.556432 | BZ2: 15.005936 | CA2: 15.455439 | CB2: 15.904943 | CC2: 16.357459 | CD2: 16.809975 | CE2: 17.223733 | CF2: 17.676249 | CG2: 18.130315 | CH2: 18.130315 | CI2: 18.130315 | CJ2: 18.130315 | CK2: 18.130315 | CL2: 18.130315 | CM2: 18.130315 | CN2: 18.130315 | CO2: 18.130315 | CP2: 18.130315 | CQ2: 18.130315 | CR2: 18.130315 | CS2: 18.130315 | CT2: 18.130315 | CU2: 18.130315 | CV2: 18.130315 | CW2: 18.130315 | CX2: 18.130315
A3: datastructure | B3: WB.DATA360:DS_DATA360(1.3) | C3: I | D3: A | E3: NGA | F3: WB_WDI_ER_H2O_FWST_ZS | G3: _T | H3: _T | I3: _T | J3: PT_FRSH_WAT_RSC | K3: _Z | L3: _Z | M3: _Z | N3: _Z | O3: RATIO | P3: 2 | Q3: WB_WDI | R3: P1Y | S3: Level of water stress: freshwater withdrawal as a proportion of available freshwater resources | T3: 0 | U3: WB_WDI | V3: PU | W3: A | X3: Annual | Y3: Nigeria | Z3: Level of water stress: freshwater withdrawal as a proportion of available freshwater resources | AA3: Total | AB3: All age ranges or no breakdown by age | AC3: Total | AD3: Percentage of freshwater resources | AE3: Not Applicable | AF3: Not Applicable | AG3: Not Applicable | AH3: Not Applicable | AI3: Ratio | AJ3: Two | AK3: World Development Indicators (WDI) | AL3: Annual | AM3: Units | AN3: Normal value | AO3: Public | BO3: 4.3333333 | BP3: 4.6143709 | BQ3: 4.8957662 | BR3: 5.1746571 | BS3: 5.4558736 | BT3: 5.73709 | BU3: 6.0183065 | BV3: 6.299523 | BW3: 6.5807394 | BX3: 6.8619559 | BY3: 7.143709 | BZ3: 7.4243888 | CA3: 7.7057841 | CB3: 7.9868217 | CC3: 8.1834109 | CD3: 8.38 | CE3: 8.5765891 | CF3: 8.7731783 | CG3: 8.9697674 | CH3: 9.1094574 | CI3: 9.2491473 | CJ3: 9.3888372 | CK3: 9.5285271 | CL3: 9.6682171 | CM3: 9.6682171 | CN3: 9.6682171 | CO3: 9.6682171 | CP3: 9.6682171 | CQ3: 9.6682171 | CR3: 9.6682171 | CS3: 9.6682171 | CT3: 9.6682171 | CU3: 9.6682171 | CV3: 9.6682171 | CW3: 9.6682171 | CX3: 9.6682171
A4: datastructure | B4: WB.DATA360:DS_DATA360(1.3) | C4: I | D4: A | E4: SVN | F4: WB_WDI_ER_H2O_FWST_ZS | G4: _T | H4: _T | I4: _T | J4: PT_FRSH_WAT_RSC | K4: _Z | L4: _Z | M4: _Z | N4: _Z | O4: RATIO | P4: 2 | Q4: WB_WDI | R4: P1Y | S4: Level of water stress: freshwater withdrawal as a proportion of available freshwater resources | T4: 0 | U4: WB_WDI | V4: PU | W4: A | X4: Annual | Y4: Slovenia | Z4: Level of water stress: freshwater withdrawal as a proportion of available freshwater resources | AA4: Total | AB4: All age ranges or no breakdown by age | AC4: Total | AD4: Percentage of freshwater resources | AE4: Not Applicable | AF4: Not Applicable | AG4: Not Applicable | AH4: Not Applicable | AI4: Ratio | AJ4: Two | AK4: World Development Indicators (WDI) | AL4: Annual | AM4: Units | AN4: Normal value | AO4: Public | CD4: 6.0797836 | CE4: 6.1347757 | CF4: 6.1897679 | CG4: 6.24476 | CH4: 6.2846518 | CI4: 6.3245436 | CJ4: 7.0317782 | CK4: 6.3739013 | CL4: 6.2576065 | CM4: 5.7491548 | CN4: 6.2745098 | CO4: 7.8133874 | CP4: 6.6281271 | CQ4: 6.0649087 | CR4: 5.9993239 | CS4: 6.2974983 | CT4: 6.4976335 | CU4: 6.382691 | CV4: 6.7816092 | CW4: 6.2947938 | CX4: 5.591616
A5: datastructure | B5: WB.DATA360:DS_DATA360(1.3) | C5: I | D5: A | E5: CAN | F5: WB_WDI_ER_H2O_FWST_ZS | G5: _T | H5: _T | I5: _T | J5: PT_FRSH_WAT_RSC | K5: _Z | L5: _Z | M5: _Z | N5: _Z | O5: RATIO | P5: 2 | Q5: WB_WDI | R5: P1Y | S5: Level of water stress: freshwater withdrawal as a proportion of available freshwater resources | T5: 0 | U5: WB_WDI | V5: PU | W5: A | X5: Annual | Y5: Canada | Z5: Level of water stress: freshwater withdrawal as a proportion of available freshwater resources | AA5: Total | AB5: All age ranges or no breakdown by age | AC5: Total | AD5: Percentage of freshwater resources | AE5: Not Applicable | AF5: Not Applicable | AG5: Not Applicable | AH5: Not Applicable | AI5: Ratio | AJ5: Two | AK5: World Development Indicators (WDI) | AL5: Annual | AM5: Units | AN5: Normal value | AO5: Public | BN5: 4.346035 | BO5: 4.4055819 | BP5: 4.4651287 | BQ5: 4.5246756 | BR5: 4.5842225 | BS5: 4.6437693 | BT5: 4.584449 | BU5: 4.5251287 | BV5: 4.4658084 | BW5: 4.4064882 | BX5: 4.3471679 | BY5: 4.3388007 | BZ5: 4.3304335 | CA5: 4.3220663 | CB5: 4.3136991 | CC5: 4.3053319 | CD5: 4.2969647 | CE5: 4.2885975 | CF5: 4.2802303 | CG5: 4.2718631 | CH5: 4.2634959 | CI5: 4.2551287 | CJ5: 4.1253656 | CK5: 3.9956025 | CL5: 3.8309629 | CM5: 3.6663234 | CN5: 3.7528321 | CO5: 3.8393409 | CP5: 3.7595263 | CQ5: 3.6797116 | CR5: 3.7066426 | CS5: 3.7335736 | CT5: 3.7335736 | CU5: 3.7335736 | CV5: 3.7335736 | CW5: 3.7207003 | CX5: 3.7207003
A6: datastructure | B6: WB.DATA360:DS_DATA360(1.3) | C6: I | D6: A | E6: EST | F6: WB_WDI_ER_H2O_FWST_ZS | G6: _T | H6: _T | I6: _T | J6: PT_FRSH_WAT_RSC | K6: _Z | L6: _Z | M6: _Z | N6: _Z | O6: RATIO | P6: 2 | Q6: WB_WDI | R6: P1Y | S6: Level of water stress: freshwater withdrawal as a proportion of available freshwater resources | T6: 0 | U6: WB_WDI | V6: PU | W6: A | X6: Annual | Y6: Estonia | Z6: Level of water stress: freshwater withdrawal as a proportion of available freshwater resources | AA6: Total | AB6: All age ranges or no breakdown by age | AC6: Total | AD6: Percentage of freshwater resources | AE6: Not Applicable | AF6: Not Applicable | AG6: Not Applicable | AH6: Not Applicable | AI6: Ratio | AJ6: Two | AK6: World Development Indicators (WDI) | AL6: Annual | AM6: Units | AN6: Normal value | AO6: Public | BT6: 28.463203 | BU6: 23.874459 | BV6: 19.285714 | BW6: 14.69697 | BX6: 14.782622 | BY6: 14.868275 | BZ6: 14.953927 | CA6: 15.039579 | CB6: 15.125232 | CC6: 15.210884 | CD6: 15.296537 | CE6: 16.20671 | CF6: 17.116883 | CG6: 18.027056 | CH6: 18.937229 | CI6: 19.847403 | CJ6: 17.359307 | CK6: 14.91342 | CL6: 19.935065 | CM6: 20.281385 | CN6: 17.651515 | CO6: 18.917749 | CP6: 18.614719 | CQ6: 17.482063 | CR6: 18.954545 | CS6: 19.3171 | CT6: 17.408442 | CU6: 10.892316 | CV6: 9.2310855 | CW6: 10.819801 | CX6: 13.046285
A7: datastructure | B7: WB.DATA360:DS_DATA360(1.3) | C7: I | D7: A | E7: BFA | F7: WB_WDI_ER_H2O_FWST_ZS | G7: _T | H7: _T | I7: _T | J7: PT_FRSH_WAT_RSC | K7: _Z | L7: _Z | M7: _Z | N7: _Z | O7: RATIO | P7: 2 | Q7: WB_WDI | R7: P1Y | S7: Level of water stress: freshwater withdrawal as a proportion of available freshwater resources | T7: 0 | U7: WB_WDI | V7: PU | W7: A | X7: Annual | Y7: Burkina Faso | Z7: Level of water stress: freshwater withdrawal as a proportion of available freshwater resources | AA7: Total | AB7: All age ranges or no breakdown by age | AC7: Total | AD7: Percentage of freshwater resources | AE7: Not Applicable | AF7: Not Applicable | AG7: Not Applicable | AH7: Not Applicable | AI7: Ratio | AJ7: Two | AK7: World Development Indicators (WDI) | AL7: Annual | AM7: Units | AN7: Normal value | AO7: Public | BM7: 2.7724665 | BN7: 2.8898662 | BO7: 3.0072658 | BP7: 3.1246654 | BQ7: 3.242065 | BR7: 3.3594646 | BS7: 3.4770554 | BT7: 3.5946463 | BU7: 3.7786276 | BV7: 3.9626089 | BW7: 4.1465902 | BX7: 4.3305715 | BY7: 4.5145528 | BZ7: 5.5449331 | CA7: 5.8699809 | CB7: 6.1950287 | CC7: 6.5200765 | CD7: 6.8451243 | CE7: 7.1701721 | CF7: 7.4952199 | CG7: 7.8202677 | CH7: 7.8202677 | CI7: 7.8202677 | CJ7: 7.8202677 | CK7: 7.8202677 | CL7: 7.8202677 | CM7: 7.8202677 | CN7: 7.8202677 | CO7: 7.8202677 | CP7: 7.8202677 | CQ7: 7.8202677 | CR7: 7.8202677 | CS7: 7.8202677 | CT7: 7.8202677 | CU7: 7.8202677 | CV7: 7.8202677 | CW7: 7.8202677 | CX7: 7.8202677
A8: datastructure | B8: WB.DATA360:DS_DATA360(1.3) | C8: I | D8: A | E8: QAT | F8: WB_WDI_ER_H2O_FWST_ZS | G8: _T | H8: _T | I8: _T | J8: PT_FRSH_WAT_RSC | K8: _Z | L8: _Z | M8: _Z | N8: _Z | O8: RATIO | P8: 2 | Q8: WB_WDI | R8: P1Y | S8: Level of water stress: freshwater withdrawal as a proportion of available freshwater resources | T8: 0 | U8: WB_WDI | V8: PU | W8: A | X8: Annual | Y8: Qatar | Z8: Level of water stress: freshwater withdrawal as a proportion of available freshwater resources | AA8: Total | AB8: All age ranges or no breakdown by age | AC8: Total | AD8: Percentage of freshwater resources | AE8: Not Applicable | AF8: Not Applicable | AG8: Not Applicable | AH8: Not Applicable | AI8: Ratio | AJ8: Two | AK8: World Development Indicators (WDI) | AL8: Annual | AM8: Units | AN8: Normal value | AO8: Public | BC8: 258.62069 | BD8: 270.86207 | BE8: 283.10345 | BF8: 295.34483 | BG8: 307.58621 | BH8: 319.82759 | BI8: 332.06897 | BJ8: 344.31034 | BK8: 356.55172 | BL8: 368.7931 | BM8: 381.03448 | BN8: 393.27586 | BO8: 405.51724 | BP8: 417.75862 | BQ8: 430 | BR8: 330.17241 | BS8: 327.75862 | BT8: 325.34483 | BU8: 322.93103 | BV8: 277.06897 | BW8: 277.98851 | BX8: 278.90805 | BY8: 279.82759 | BZ8: 280.74713 | CA8: 281.66667 | CB8: 282.58621 | CC8: 300.89655 | CD8: 321.96552 | CE8: 341.65517 | CF8: 361.34483 | CG8: 374.13793 | CH8: 381.2931 | CI8: 388.44828 | CJ8: 395.60345 | CK8: 402.75862 | CL8: 409.91379 | CM8: 417.06897 | CN8: 424.22414 | CO8: 431.37931 | CP8: 434.65517 | CQ8: 431.03448 | CR8: 432.41379 | CS8: 431.03448 | CT8: 431.03448 | CU8: 431.03448 | CV8: 431.03448 | CW8: 431.03448 | CX8: 431.03448
A9: datastructure | B9: WB.DATA360:DS_DATA360(1.3) | C9: I | D9: A | E9: HUN | F9: WB_WDI_ER_H2O_FWST_ZS | G9: _T | H9: _T | I9: _T | J9: PT_FRSH_WAT_RSC | K9: _Z | L9: _Z | M9: _Z | N9: _Z | O9: RATIO | P9: 2 | Q9: WB_WDI | R9: P1Y | S9: Level of water stress: freshwater withdrawal as a proportion of available freshwater resources | T9: 0 | U9: WB_WDI | V9: PU | W9: A | X9: Annual | Y9: Hungary | Z9: Level of water stress: freshwater withdrawal as a proportion of available freshwater resources | AA9: Total | AB9: All age ranges or no breakdown by age | AC9: Total | AD9: Percentage of freshwater resources | AE9: Not Applicable | AF9: Not Applicable | AG9: Not Applicable | AH9: Not Applicable | AI9: Ratio | AJ9: Two | AK9: World Development Indicators (WDI) | AL9: Annual | AM9: Units | AN9: Normal value | AO9: Public | AX9: 5.1474957 | AY9: 5.4878756 | AZ9: 5.8282556 | BA9: 6.1686356 | BB9: 6.5090155 | BC9: 6.8493955 | BD9: 7.1392746 | BE9: 7.4291537 | BF9: 7.7190328 | BG9: 8.0089119 | BH9: 8.298791 | BI9: 8.8326425 | BJ9: 9.366494 | BK9: 9.9003454 | BL9: 10.434197 | BM9: 10.968048 | BN9: 11.162102 | BO9: 11.356156 | BP9: 11.55021 | BQ9: 11.744264 | BR9: 11.938317 | BS9: 12.132371 | BT9: 12.326425 | BU9: 11.840069 | BV9: 11.353713 | BW9: 10.867358 | BX9: 10.381002 | BY9: 10.308866 | BZ9: 10.23673 | CA9: 10.164594 | CB9: 10.092458 | CC9: 10.020322 | CD9: 9.9481865 | CE9: 9.8537709 | CF9: 9.7593552 | CG9: 9.6649396 | CH9: 9.5705239 | CI9: 9.4761082 | CJ9: 9.3816926 | CK9: 10.953368 | CL9: 9.2746114 | CM9: 9.0241796 | CN9: 8.7236615 | CO9: 9.0673575 | CP9: 6.775475 | CQ9: 6.9602763 | CR9: 6.8376511 | CS9: 8.1805181 | CT9: 8.4947522 | CU9: 7.708247 | CV9: 7.7398964 | CW9: 7.7183074 | CX9: 8.1084974
A10: datastructure | B10: WB.DATA360:DS_DATA360(1.3) | C10: I | D10: A | E10: TKM | F10: WB_WDI_ER_H2O_FWST_ZS | G10: _T | H10: _T | I10: _T | J10: PT_FRSH_WAT_RSC | K10: _Z | L10: _Z | M10: _Z | N10: _Z | O10: RATIO | P10: 2 | Q10: WB_WDI | R10: P1Y | S10: Level of water stress: freshwater withdrawal as a proportion of available freshwater resources | T10: 0 | U10: WB_WDI | V10: PU | W10: A | X10: Annual | Y10: Turkmenistan | Z10: Level of water stress: freshwater withdrawal as a proportion of available freshwater resources | AA10: Total | AB10: All age ranges or no breakdown by age | AC10: Total | AD10: Percentage of freshwater resources | AE10: Not Applicable | AF10: Not Applicable | AG10: Not Applicable | AH10: Not Applicable | AI10: Ratio | AJ10: Two | AK10: World Development Indicators (WDI) | AL10: Annual | AM10: Units | AN10: Normal value | AO10: Public | BV10: 122.09171 | BW10: 123.06122 | BX10: 124.03074 | BY10: 125.00026 | BZ10: 125.96977 | CA10: 126.93929 | CB10: 127.90881 | CC10: 130.93629 | CD10: 133.96376 | CE10: 136.99124 | CF10: 143.56002 | CG10: 143.56002 | CH10: 143.56002 | CI10: 143.69021 | CJ10: 143.8204 | CK10: 143.95059 | CL10: 144.08078 | CM10: 144.21097 | CN10: 144.34116 | CO10: 144.47135 | CP10: 144.60155 | CQ10: 144.73174 | CR10: 144.86193 | CS10: 148.66667 | CT10: 138.48532 | CU10: 142.75167 | CV10: 135.21381 | CW10: 135.21381 | CX10: 135.21381
A11: datastructure | B11: WB.DATA360:DS_DATA360(1.3) | C11: I | D11: A | E11: LBR | F11: WB_WDI_ER_H2O_FWST_ZS | G11: _T | H11: _T | I11: _T | J11: PT_FRSH_WAT_RSC | K11: _Z | L11: _Z | M11: _Z | N11: _Z | O11: RATIO | P11: 2 | Q11: WB_WDI | R11: P1Y | S11: Level of water stress: freshwater withdrawal as a proportion of available freshwater resources | T11: 0 | U11: WB_WDI | V11: PU | W11: A | X11: Annual | Y11: Liberia | Z11: Level of water stress: freshwater withdrawal as a proportion of available freshwater resources | AA11: Total | AB11: All age ranges or no breakdown by age | AC11: Total | AD11: Percentage of freshwater resources | AE11: Not Applicable | AF11: Not Applicable | AG11: Not Applicable | AH11: Not Applicable | AI11: Ratio | AJ11: Two | AK11: World Development Indicators (WDI) | AL11: Annual | AM11: Units | AN11: Normal value | AO11: Public | BO11: 0.23550725 | BP11: 0.23561873 | BQ11: 0.23573021 | BR11: 0.23584169 | BS11: 0.23595318 | BT11: 0.23606466 | BU11: 0.23617614 | BV11: 0.23628763 | BW11: 0.23639911 | BX11: 0.23651059 | BY11: 0.23662207 | BZ11: 0.23673356 | CA11: 0.23684504 | CB11: 0.23695652 | CC11: 0.24242754 | CD11: 0.24789855 | CE11: 0.25336957 | CF11: 0.25884058 | CG11: 0.26431159 | CH11: 0.26431159 | CI11: 0.26431159 | CJ11: 0.26431159 | CK11: 0.26431159 | CL11: 0.26431159 | CM11: 0.26431159 | CN11: 0.26431159 | CO11: 0.26431159 | CP11: 0.26431159 | CQ11: 0.26431159 | CR11: 0.26431159 | CS11: 0.26431159 | CT11: 0.26431159 | CU11: 0.26431159 | CV11: 0.26431159 | CW11: 0.26431159 | CX11: 0.26431159
A12: datastructure | B12: WB.DATA360:DS_DATA360(1.3) | C12: I | D12: A | E12: TJK | F12: WB_WDI_ER_H2O_FWST_ZS | G12: _T | H12: _T | I12: _T | J12: PT_FRSH_WAT_RSC | K12: _Z | L12: _Z | M12: _Z | N12: _Z | O12: RATIO | P12: 2 | Q12: WB_WDI | R12: P1Y | S12: Level of water stress: freshwater withdrawal as a proportion of available freshwater resources | T12: 0 | U12: WB_WDI | V12: PU | W12: A | X12: Annual | Y12: Tajikistan | Z12: Level of water stress: freshwater withdrawal as a proportion of available freshwater resources | AA12: Total | AB12: All age ranges or no breakdown by age | AC12: Total | AD12: Percentage of freshwater resources | AE12: Not Applicable | AF12: Not Applicable | AG12: Not Applicable | AH12: Not Applicable | AI12: Ratio | AJ12: Two | AK12: World Development Indicators (WDI) | AL12: Annual | AM12: Units | AN12: Normal value | AO12: Public | BV12: 75.999472 | BW12: 76.867001 | BX12: 77.73453 | BY12: 78.602058 | BZ12: 79.469587 | CA12: 80.337116 | CB12: 81.204644 | CC12: 79.979549 | CD12: 78.754453 | CE12: 77.529357 | CF12: 76.304262 | CG12: 75.079166 | CH12: 73.85407 | CI12: 73.28598 | CJ12: 72.71789 | CK12: 72.1498 | CL12: 71.58171 | CM12: 71.01362 | CN12: 70.445529 | CO12: 69.877439 | CP12: 69.309349 | CQ12: 68.741259 | CR12: 57.718696 | CS12: 52.698245 | CT12: 64.480802 | CU12: 69.943264 | CV12: 69.943264 | CW12: 69.943264 | CX12: 69.943264
A13: datastructure | B13: WB.DATA360:DS_DATA360(1.3) | C13: I | D13: A | E13: CPV | F13: WB_WDI_ER_H2O_FWST_ZS | G13: _T | H13: _T | I13: _T | J13: PT_FRSH_WAT_RSC | K13: _Z | L13: _Z | M13: _Z | N13: _Z | O13: RATIO | P13: 2 | Q13: WB_WDI | R13: P1Y | S13: Level of water stress: freshwater withdrawal as a proportion of available freshwater resources | T13: 0 | U13: WB_WDI | V13: PU | W13: A | X13: Annual | Y13: Cabo Verde | Z13: Level of water stress: freshwater withdrawal as a proportion of available freshwater resources | AA13: Total | AB13: All age ranges or no breakdown by age | AC13: Total | AD13: Percentage of freshwater resources | AE13: Not Applicable | AF13: Not Applicable | AG13: Not Applicable | AH13: Not Applicable | AI13: Ratio | AJ13: Two | AK13: World Development Indicators (WDI) | AL13: Annual | AM13: Units | AN13: Normal value | AO13: Public | CC13: 7.1833333 | CD13: 8.5342087 | CE13: 9.8850841 | CF13: 11.235959 | CG13: 13.604034 | CH13: 15.972109 | CI13: 18.340184 | CJ13: 20.708259 | CK13: 23.076334 | CL13: 25.444409 | CM13: 27.812484 | CN13: 30.180559 | CO13: 32.548634 | CP13: 34.916709 | CQ13: 37.284784 | CR13: 39.652859 | CS13: 42.020933 | CT13: 44.389008 | CU13: 48.95751 | CV13: 68.943737 | CW13: 57.177507 | CX13: 59.68371
A14: datastructure | B14: WB.DATA360:DS_DATA360(1.3) | C14: I | D14: A | E14: DZA | F14: WB_WDI_ER_H2O_FWST_ZS | G14: _T | H14: _T | I14: _T | J14: PT_FRSH_WAT_RSC | K14: _Z | L14: _Z | M14: _Z | N14: _Z | O14: RATIO | P14: 2 | Q14: WB_WDI | R14: P1Y | S14: Level of water stress: freshwater withdrawal as a proportion of available freshwater resources | T14: 0 | U14: WB_WDI | V14: PU | W14: A | X14: Annual | Y14: Algeria | Z14: Level of water stress: freshwater withdrawal as a proportion of available freshwater resources | AA14: Total | AB14: All age ranges or no breakdown by age | AC14: Total | AD14: Percentage of freshwater resources | AE14: Not Applicable | AF14: Not Applicable | AG14: Not Applicable | AH14: Not Applicable | AI14: Ratio | AJ14: Two | AK14: World Development Indicators (WDI) | AL14: Annual | AM14: Units | AN14: Normal value | AO14: Public | AX14: 28.141269 | AY14: 29.548333 | AZ14: 30.955396 | BA14: 32.36246 | BB14: 33.769523 | BC14: 35.176586 | BD14: 36.58365 | BE14: 37.990713 | BF14: 39.397777 | BG14: 40.80484 | BH14: 42.211904 | BI14: 43.618967 | BJ14: 45.026031 | BK14: 46.433094 | BL14: 47.840158 | BM14: 49.247221 | BN14: 52.061348 | BO14: 54.875475 | BP14: 57.689602 | BQ14: 60.503729 | BR14: 62.417335 | BS14: 64.101718 | BT14: 65.786101 | BU14: 67.470484 | BV14: 69.154867 | BW14: 70.839249 | BX14: 72.523632 | BY14: 74.208015 | BZ14: 75.892398 | CA14: 77.576781 | CB14: 79.261164 | CC14: 81.71052 | CD14: 85.037372 | CE14: 87.522801 | CF14: 90.008229 | CG14: 92.493658 | CH14: 94.979086 | CI14: 97.464514 | CJ14: 99.949943 | CK14: 102.43537 | CL14: 104.9208 | CM14: 107.40623 | CN14: 109.75095 | CO14: 115.16345 | CP14: 120.57596 | CQ14: 125.98846 | CR14: 129.87196 | CS14: 137.92036 | CT14: 141.79917 | CU14: 145.67797 | CV14: 149.55677 | CW14: 140.59378 | CX14: 144.81497
A15: datastructure | B15: WB.DATA360:DS_DATA360(1.3) | C15: I | D15: A | E15: ARE | F15: WB_WDI_ER_H2O_FWST_ZS | G15: _T | H15: _T | I15: _T | J15: PT_FRSH_WAT_RSC | K15: _Z | L15: _Z | M15: _Z | N15: _Z | O15: RATIO | P15: 2 | Q15: WB_WDI | R15: P1Y | S15: Level of water stress: freshwater withdrawal as a proportion of available freshwater resources | T15: 0 | U15: WB_WDI | V15: PU | W15: A | X15: Annual | Y15: United Arab Emirates | Z15: Level of water stress: freshwater withdrawal as a proportion of available freshwater resources | AA15: Total | AB15: All age ranges or no breakdown by age | AC15: Total | AD15: Percentage of freshwater resources | AE15: Not Applicable | AF15: Not Applicable | AG15: Not Applicable | AH15: Not Applicable | AI15: Ratio | AJ15: Two | AK15: World Development Indicators (WDI) | AL15: Annual | AM15: Units | AN15: Normal value | AO15: Public | BH15: 600 | BI15: 653.68889 | BJ15: 707.37778 | BK15: 761.06667 | BL15: 814.75556 | BM15: 868.44444 | BN15: 922.13333 | BO15: 975.82222 | BP15: 1029.5111 | BQ15: 1083.2 | BR15: 1028.2222 | BS15: 1052.3111 | BT15: 1076.4 | BU15: 1100.4889 | BV15: 1124.5778 | BW15: 1148.6667 | BX15: 1254.8133 | BY15: 1360.96 | BZ15: 1467.1067 | CA15: 1573.2533 | CB15: 1555.8667 | CC15: 1527.9289 | CD15: 1499.9911 | CE15: 1472.0533 | CF15: 1669.36 | CG15: 1866.6667 | CH15: 1849.6364 | CI15: 1832.6061 | CJ15: 1815.5758 | CK15: 1798.5455 | CL15: 1781.5152 | CM15: 1764.4848 | CN15: 1747.4545 | CO15: 1730.4242 | CP15: 1713.3939 | CQ15: 1696.3636 | CR15: 1679.3333 | CS15: 1630 | CT15: 1667.3333 | CU15: 1628.6667 | CV15: 1587.3333 | CW15: 1533.3333 | CX15: 1509.9333
A16: datastructure | B16: WB.DATA360:DS_DATA360(1.3) | C16: I | D16: A | E16: ETH | F16: WB_WDI_ER_H2O_FWST_ZS | G16: _T | H16: _T | I16: _T | J16: PT_FRSH_WAT_RSC | K16: _Z | L16: _Z | M16: _Z | N16: _Z | O16: RATIO | P16: 2 | Q16: WB_WDI | R16: P1Y | S16: Level of water stress: freshwater withdrawal as a proportion of available freshwater resources | T16: 0 | U16: WB_WDI | V16: PU | W16: A | X16: Annual | Y16: Ethiopia | Z16: Level of water stress: freshwater withdrawal as a proportion of available freshwater resources | AA16: Total | AB16: All age ranges or no breakdown by age | AC16: Total | AD16: Percentage of freshwater resources | AE16: Not Applicable | AF16: Not Applicable | AG16: Not Applicable | AH16: Not Applicable | AI16: Ratio | AJ16: Two | AK16: World Development Indicators (WDI) | AL16: Annual | AM16: Units | AN16: Normal value | AO16: Public | CD16: 16.996942 | CE16: 19.344648 | CF16: 21.692355 | CG16: 24.040061 | CH16: 24.787073 | CI16: 25.53514 | CJ16: 26.28268 | CK16: 27.028107 | CL16: 27.775118 | CM16: 28.52213 | CN16: 29.269141 | CO16: 30.016152 | CP16: 30.763164 | CQ16: 31.510175 | CR16: 32.262997 | CS16: 32.257187 | CT16: 32.257187 | CU16: 32.257187 | CV16: 32.257187 | CW16: 32.257187 | CX16: 32.257187
A17: datastructure | B17: WB.DATA360:DS_DATA360(1.3) | C17: I | D17: A | E17: PRT | F17: WB_WDI_ER_H2O_FWST_ZS | G17: _T | H17: _T | I17: _T | J17: PT_FRSH_WAT_RSC | K17: _Z | L17: _Z | M17: _Z | N17: _Z | O17: RATIO | P17: 2 | Q17: WB_WDI | R17: P1Y | S17: Level of water stress: freshwater withdrawal as a proportion of available freshwater resources | T17: 0 | U17: WB_WDI | V17: PU | W17: A | X17: Annual | Y17: Portugal | Z17: Level of water stress: freshwater withdrawal as a proportion of available freshwater resources | AA17: Total | AB17: All age ranges or no breakdown by age | AC17: Total | AD17: Percentage of freshwater resources | AE17: Not Applicable | AF17: Not Applicable | AG17: Not Applicable | AH17: Not Applicable | AI17: Ratio | AJ17: Two | AK17: World Development Indicators (WDI) | AL17: Annual | AM17: Units | AN17: Normal value | AO17: Public | BS17: 17.276271 | BT17: 20.233397 | BU17: 23.190524 | BV17: 26.147651 | BW17: 25.823014 | BX17: 24.67258 | BY17: 23.522145 | BZ17: 22.37171 | CA17: 21.90282 | CB17: 21.427902 | CC17: 20.959013 | CD17: 20.490123 | CE17: 20.021233 | CF17: 19.552343 | CG17: 19.083453 | CH17: 18.20132 | CI17: 18.376532 | CJ17: 18.242493 | CK17: 18.108454 | CL17: 17.974416 | CM17: 17.840377 | CN17: 17.706338 | CO17: 17.572299 | CP17: 17.43826 | CQ17: 17.304222 | CR17: 17.170183 | CS17: 12.379887 | CT17: 12.315712 | CU17: 12.315712 | CV17: 12.315712 | CW17: 12.315712 | CX17: 12.315712
A18: datastructure | B18: WB.DATA360:DS_DATA360(1.3) | C18: I | D18: A | E18: BOL | F18: WB_WDI_ER_H2O_FWST_ZS | G18: _T | H18: _T | I18: _T | J18: PT_FRSH_WAT_RSC | K18: _Z | L18: _Z | M18: _Z | N18: _Z | O18: RATIO | P18: 2 | Q18: WB_WDI | R18: P1Y | S18: Level of water stress: freshwater withdrawal as a proportion of available freshwater resources | T18: 0 | U18: WB_WDI | V18: PU | W18: A | X18: Annual | Y18: Bolivia | Z18: Level of water stress: freshwater withdrawal as a proportion of available freshwater resources | AA18: Total | AB18: All age ranges or no breakdown by age | AC18: Total | AD18: Percentage of freshwater resources | AE18: Not Applicable | AF18: Not Applicable | AG18: Not Applicable | AH18: Not Applicable | AI18: Ratio | AJ18: Two | AK18: World Development Indicators (WDI) | AL18: Annual | AM18: Units | AN18: Normal value | AO18: Public | BO18: 0.69898534 | BP18: 0.73248693 | BQ18: 0.76598852 | BR18: 0.79949011 | BS18: 0.8329917 | BT18: 0.86649329 | BU18: 0.89999488 | BV18: 0.93349646 | BW18: 0.96699805 | BX18: 1.0004996 | BY18: 1.0340012 | BZ18: 1.0675028 | CA18: 1.1010044 | CB18: 1.1094997 | CC18: 1.1179951 | CD18: 1.1264904 | CE18: 1.1349857 | CF18: 1.143481 | CG18: 1.1519764 | CH18: 1.1604717 | CI18: 1.168967 | CJ18: 1.1770011 | CK18: 1.1770011 | CL18: 1.1835549 | CM18: 1.1901087 | CN18: 1.1966625 | CO18: 1.2032163 | CP18: 1.2097701 | CQ18: 1.2163239 | CR18: 1.2228777 | CS18: 1.2294315 | CT18: 1.2359853 | CU18: 1.2425391 | CV18: 0.20736554 | CW18: 0.20297959 | CX18: 0.20297959
A19: datastructure | B19: WB.DATA360:DS_DATA360(1.3) | C19: I | D19: A | E19: CAF | F19: WB_WDI_ER_H2O_FWST_ZS | G19: _T | H19: _T | I19: _T | J19: PT_FRSH_WAT_RSC | K19: _Z | L19: _Z | M19: _Z | N19: _Z | O19: RATIO | P19: 2 | Q19: WB_WDI | R19: P1Y | S19: Level of water stress: freshwater withdrawal as a proportion of available freshwater resources | T19: 0 | U19: WB_WDI | V19: PU | W19: A | X19: Annual | Y19: Central African Republic | Z19: Level of water stress: freshwater withdrawal as a proportion of available freshwater resources | AA19: Total | AB19: All age ranges or no breakdown by age | AC19: Total | AD19: Percentage of freshwater resources | AE19: Not Applicable | AF19: Not Applicable | AG19: Not Applicable | AH19: Not Applicable | AI19: Ratio | AJ19: Two | AK19: World Development Indicators (WDI) | AL19: Annual | AM19: Units | AN19: Normal value | AO19: Public | BO19: 0.089814815 | BP19: 0.10648148 | BQ19: 0.12314815 | BR19: 0.13981482 | BS19: 0.15648148 | BT19: 0.17314815 | BU19: 0.18981481 | BV19: 0.20648148 | BW19: 0.22314815 | BX19: 0.23981481 | BY19: 0.25648148 | BZ19: 0.27314815 | CA19: 0.28981482 | CB19: 0.30648148 | CC19: 0.31231482 | CD19: 0.31814815 | CE19: 0.32398148 | CF19: 0.32981481 | CG19: 0.33564815 | CH19: 0.33564815 | CI19: 0.33564815 | CJ19: 0.33564815 | CK19: 0.33564815 | CL19: 0.33564815 | CM19: 0.33564815 | CN19: 0.33564815 | CO19: 0.33564815 | CP19: 0.33564815 | CQ19: 0.33564815 | CR19: 0.33564815 | CS19: 0.33564815 | CT19: 0.33564815 | CU19: 0.33564815 | CV19: 0.33564815 | CW19: 0.33564815 | CX19: 0.33564815
A20: datastructure | B20: WB.DATA360:DS_DATA360(1.3) | C20: I | D20: A | E20: LKA | F20: WB_WDI_ER_H2O_FWST_ZS | G20: _T | H20: _T | I20: _T | J20: PT_FRSH_WAT_RSC | K20: _Z | L20: _Z | M20: _Z | N20: _Z | O20: RATIO | P20: 2 | Q20: WB_WDI | R20: P1Y | S20: Level of water stress: freshwater withdrawal as a proportion of available freshwater resources | T20: 0 | U20: WB_WDI | V20: PU | W20: A | X20: Annual | Y20: Sri Lanka | Z20: Level of water stress: freshwater withdrawal as a proportion of available freshwater resources | AA20: Total | AB20: All age ranges or no breakdown by age | AC20: Total | AD20: Percentage of freshwater resources | AE20: Not Applicable | AF20: Not Applicable | AG20: Not Applicable | AH20: Not Applicable | AI20: Ratio | AJ20: Two | AK20: World Development Indicators (WDI) | AL20: Annual | AM20: Units | AN20: Normal value | AO20: Public | BR20: 68.506311 | BS20: 70.779523 | BT20: 73.052735 | BU20: 75.325947 | BV20: 77.599158 | BW20: 79.87237 | BX20: 82.145582 | BY20: 84.418794 | BZ20: 86.692006 | CA20: 88.965217 | CB20: 91.238429 | CC20: 91.147826 | CD20: 91.057223 | CE20: 90.96662 | CF20: 90.876017 | CG20: 90.785414 | CH20: 90.785414 | CI20: 90.785414 | CJ20: 90.785414 | CK20: 90.785414 | CL20: 90.785414 | CM20: 90.785414 | CN20: 90.785414 | CO20: 90.785414 | CP20: 90.785414 | CQ20: 90.785414 | CR20: 90.785414 | CS20: 90.785414 | CT20: 90.785414 | CU20: 90.785414 | CV20: 90.785414 | CW20: 90.785414 | CX20: 90.785414
A21: datastructure | B21: WB.DATA360:DS_DATA360(1.3) | C21: I | D21: A | E21: AUT | F21: WB_WDI_ER_H2O_FWST_ZS | G21: _T | H21: _T | I21: _T | J21: PT_FRSH_WAT_RSC | K21: _Z | L21: _Z | M21: _Z | N21: _Z | O21: RATIO | P21: 2 | Q21: WB_WDI | R21: P1Y | S21: Level of water stress: freshwater withdrawal as a proportion of available freshwater resources | T21: 0 | U21: WB_WDI | V21: PU | W21: A | X21: Annual | Y21: Austria | Z21: Level of water stress: freshwater withdrawal as a proportion of available freshwater resources | AA21: Total | AB21: All age ranges or no breakdown by age | AC21: Total | AD21: Percentage of freshwater resources | AE21: Not Applicable | AF21: Not Applicable | AG21: Not Applicable | AH21: Not Applicable | AI21: Ratio | AJ21: Two | AK21: World Development Indicators (WDI) | AL21: Annual | AM21: Units | AN21: Normal value | AO21: Public | BH21: 9.2290688 | BI21: 9.3600442 | BJ21: 9.4910196 | BK21: 9.621995 | BL21: 9.7529704 | BM21: 9.8839458 | BN21: 10.009948 | BO21: 10.135949 | BP21: 10.261951 | BQ21: 10.387952 | BR21: 10.513954 | BS21: 10.316109 | BT21: 10.118265 | BU21: 9.92042 | BV21: 9.7225753 | BW21: 9.5247306 | BX21: 9.794142 | BY21: 10.063553 | BZ21: 10.096712 | CA21: 10.12987 | CB21: 10.046974 | CC21: 9.9668417 | CD21: 9.8839458 | CE21: 9.8538961 | CF21: 9.8238464 | CG21: 9.7937966 | CH21: 9.7637469 | CI21: 9.7336972 | CJ21: 9.7036474 | CK21: 9.6735977 | CL21: 9.6435479 | CM21: 9.5360904 | CN21: 9.4286328 | CO21: 9.3211753 | CP21: 9.2137177 | CQ21: 9.1062602 | CR21: 8.9988026 | CS21: 8.8913451 | CT21: 8.7838875 | CU21: 8.67643 | CV21: 8.67643 | CW21: 8.67643 | CX21: 8.67643
A22: datastructure | B22: WB.DATA360:DS_DATA360(1.3) | C22: I | D22: A | E22: JAM | F22: WB_WDI_ER_H2O_FWST_ZS | G22: _T | H22: _T | I22: _T | J22: PT_FRSH_WAT_RSC | K22: _Z | L22: _Z | M22: _Z | N22: _Z | O22: RATIO | P22: 2 | Q22: WB_WDI | R22: P1Y | S22: Level of water stress: freshwater withdrawal as a proportion of available freshwater resources | T22: 0 | U22: WB_WDI | V22: PU | W22: A | X22: Annual | Y22: Jamaica | Z22: Level of water stress: freshwater withdrawal as a proportion of available freshwater resources | AA22: Total | AB22: All age ranges or no breakdown by age | AC22: Total | AD22: Percentage of freshwater resources | AE22: Not Applicable | AF22: Not Applicable | AG22: Not Applicable | AH22: Not Applicable | AI22: Ratio | AJ22: Two | AK22: World Development Indicators (WDI) | AL22: Annual | AM22: Units | AN22: Normal value | AO22: Public | BU22: 8.5697126 | BV22: 8.8436003 | BW22: 9.1174879 | BX22: 9.3913755 | BY22: 9.6652631 | BZ22: 9.9391507 | CA22: 10.213038 | CB22: 10.486926 | CC22: 10.760814 | CD22: 11.034701 | CE22: 11.308589 | CF22: 11.582476 | CG22: 11.856364 | CH22: 12.130252 | CI22: 12.404139 | CJ22: 12.678027 | CK22: 12.951915 | CL22: 13.225802 | CM22: 13.49969 | CN22: 13.773577 | CO22: 14.047465 | CP22: 14.321353 | CQ22: 7.6688534 | CR22: 12.473436 | CS22: 12.34396 | CT22: 12.214484 | CU22: 12.085008 | CV22: 11.046431 | CW22: 12.382819 | CX22: 12.382819
A23: datastructure | B23: WB.DATA360:DS_DATA360(1.3) | C23: I | D23: A | E23: HND | F23: WB_WDI_ER_H2O_FWST_ZS | G23: _T | H23: _T | I23: _T | J23: PT_FRSH_WAT_RSC | K23: _Z | L23: _Z | M23: _Z | N23: _Z | O23: RATIO | P23: 2 | Q23: WB_WDI | R23: P1Y | S23: Level of water stress: freshwater withdrawal as a proportion of available freshwater resources | T23: 0 | U23: WB_WDI | V23: PU | W23: A | X23: Annual | Y23: Honduras | Z23: Level of water stress: freshwater withdrawal as a proportion of available freshwater resources | AA23: Total | AB23: All age ranges or no breakdown by age | AC23: Total | AD23: Percentage of freshwater resources | AE23: Not Applicable | AF23: Not Applicable | AG23: Not Applicable | AH23: Not Applicable | AI23: Ratio | AJ23: Two | AK23: World Development Indicators (WDI) | AL23: Annual | AM23: Units | AN23: Normal value | AO23: Public | CE23: 4.6212688 | CF23: 4.6212688 | CG23: 4.6212688 | CH23: 4.6212688 | CI23: 4.6212688 | CJ23: 4.6212688 | CK23: 4.6212688 | CL23: 4.6212688 | CM23: 4.6212688 | CN23: 4.6212688 | CO23: 4.6212688 | CP23: 4.6212688 | CQ23: 4.6212688 | CR23: 4.6212688 | CS23: 4.6212688 | CT23: 4.6212688 | CU23: 4.6212688 | CV23: 4.6212688 | CW23: 4.6212688 | CX23: 4.6212688
A24: datastructure | B24: WB.DATA360:DS_DATA360(1.3) | C24: I | D24: A | E24: BDI | F24: WB_WDI_ER_H2O_FWST_ZS | G24: _T | H24: _T | I24: _T | J24: PT_FRSH_WAT_RSC | K24: _Z | L24: _Z | M24: _Z | N24: _Z | O24: RATIO | P24: 2 | Q24: WB_WDI | R24: P1Y | S24: Level of water stress: freshwater withdrawal as a proportion of available freshwater resources | T24: 0 | U24: WB_WDI | V24: PU | W24: A | X24: Annual | Y24: Burundi | Z24: Level of water stress: freshwater withdrawal as a proportion of available freshwater resources | AA24: Total | AB24: All age ranges or no breakdown by age | AC24: Total | AD24: Percentage of freshwater resources | AE24: Not Applicable | AF24: Not Applicable | AG24: Not Applicable | AH24: Not Applicable | AI24: Ratio | AJ24: Two | AK24: World Development Indicators (WDI) | AL24: Annual | AM24: Units | AN24: Normal value | AO24: Public | BO24: 3.6390102 | BP24: 4.165267 | BQ24: 4.6915239 | BR24: 5.2177808 | BS24: 5.7440376 | BT24: 6.2702945 | BU24: 6.7965513 | BV24: 7.3228082 | BW24: 7.8490651 | BX24: 8.3753219 | BY24: 8.9015788 | BZ24: 9.4278356 | CA24: 9.9540925 | CB24: 10.480349 | CC24: 10.422853 | CD24: 10.365357 | CE24: 10.30786 | CF24: 10.250364 | CG24: 10.192868 | CH24: 10.192868 | CI24: 10.192868 | CJ24: 10.192868 | CK24: 10.192868 | CL24: 10.192868 | CM24: 10.192868 | CN24: 10.192868 | CO24: 10.192868 | CP24: 10.192868 | CQ24: 10.192868 | CR24: 10.192868 | CS24: 10.192868 | CT24: 10.192868 | CU24: 10.192868 | CV24: 10.192868 | CW24: 10.192868 | CX24: 10.192868
A25: datastructure | B25: WB.DATA360:DS_DATA360(1.3) | C25: I | D25: A | E25: PAN | F25: WB_WDI_ER_H2O_FWST_ZS | G25: _T | H25: _T | I25: _T | J25: PT_FRSH_WAT_RSC | K25: _Z | L25: _Z | M25: _Z | N25: _Z | O25: RATIO | P25: 2 | Q25: WB_WDI | R25: P1Y | S25: Level of water stress: freshwater withdrawal as a proportion of available freshwater resources | T25: 0 | U25: WB_WDI | V25: PU | W25: A | X25: Annual | Y25: Panama | Z25: Level of water stress: freshwater withdrawal as a proportion of available freshwater resources | AA25: Total | AB25: All age ranges or no breakdown by age | AC25: Total | AD25: Percentage of freshwater resources | AE25: Not Applicable | AF25: Not Applicable | AG25: Not Applicable | AH25: Not Applicable | AI25: Ratio | AJ25: Two | AK25: World Development Indicators (WDI) | AL25: Annual | AM25: Units | AN25: Normal value | AO25: Public | CL25: 0.77134781 | CM25: 0.81543192 | CN25: 0.85951602 | CO25: 0.90360012 | CP25: 0.8934097 | CQ25: 0.93074978 | CR25: 0.90107111 | CS25: 0.90107111 | CT25: 0.90107111 | CU25: 0.90107111 | CV25: 0.90107111 | CW25: 0.90107111 | CX25: 0.90107111
A26: datastructure | B26: WB.DATA360:DS_DATA360(1.3) | C26: I | D26: A | E26: OMN | F26: WB_WDI_ER_H2O_FWST_ZS | G26: _T | H26: _T | I26: _T | J26: PT_FRSH_WAT_RSC | K26: _Z | L26: _Z | M26: _Z | N26: _Z | O26: RATIO | P26: 2 | Q26: WB_WDI | R26: P1Y | S26: Level of water stress: freshwater withdrawal as a proportion of available freshwater resources | T26: 0 | U26: WB_WDI | V26: PU | W26: A | X26: Annual | Y26: Oman | Z26: Level of water stress: freshwater withdrawal as a proportion of available freshwater resources | AA26: Total | AB26: All age ranges or no breakdown by age | AC26: Total | AD26: Percentage of freshwater resources | AE26: Not Applicable | AF26: Not Applicable | AG26: Not Applicable | AH26: Not Applicable | AI26: Ratio | AJ26: Two | AK26: World Development Indicators (WDI) | AL26: Annual | AM26: Units | AN26: Normal value | AO26: Public | BS26: 85.5 | BT26: 86.473665 | BU26: 87.44733 | BV26: 88.420996 | BW26: 86.966089 | BX26: 87.939755 | BY26: 88.91342 | BZ26: 89.887085 | CA26: 90.86075 | CB26: 92.857143 | CC26: 90.792208 | CD26: 89.75 | CE26: 84.714286 | CF26: 87.914286 | CG26: 91.114286 | CH26: 94.314286 | CI26: 97.514286 | CJ26: 100.71429 | CK26: 103.91429 | CL26: 107.11429 | CM26: 110.31429 | CN26: 113.51429 | CO26: 116.71429 | CP26: 116.71429 | CQ26: 116.71429 | CR26: 116.71429 | CS26: 116.71429 | CT26: 116.71429 | CU26: 116.71429 | CV26: 116.71429 | CW26: 116.71429 | CX26: 116.71429
A27: datastructure | B27: WB.DATA360:DS_DATA360(1.3) | C27: I | D27: A | E27: CHN | F27: WB_WDI_ER_H2O_FWST_ZS | G27: _T | H27: _T | I27: _T | J27: PT_FRSH_WAT_RSC | K27: _Z | L27: _Z | M27: _Z | N27: _Z | O27: RATIO | P27: 2 | Q27: WB_WDI | R27: P1Y | S27: Level of water stress: freshwater withdrawal as a proportion of available freshwater resources | T27: 0 | U27: WB_WDI | V27: PU | W27: A | X27: Annual | Y27: China | Z27: Level of water stress: freshwater withdrawal as a proportion of available freshwater resources | AA27: Total | AB27: All age ranges or no breakdown by age | AC27: Total | AD27: Percentage of freshwater resources | AE27: Not Applicable | AF27: Not Applicable | AG27: Not Applicable | AH27: Not Applicable | AI27: Ratio | AJ27: Two | AK27: World Development Indicators (WDI) | AL27: Annual | AM27: Units | AN27: Normal value | AO27: Public | BH27: 32.405311 | BI27: 33.017521 | BJ27: 33.629731 | BK27: 34.241941 | BL27: 34.854151 | BM27: 35.133872 | BN27: 35.410526 | BO27: 35.68718 | BP27: 35.963833 | BQ27: 36.240487 | BR27: 36.517141 | BS27: 37.135498 | BT27: 37.753855 | BU27: 38.372212 | BV27: 38.638265 | BW27: 38.904319 | BX27: 39.170372 | BY27: 39.436426 | BZ27: 39.702479 | CA27: 39.968533 | CB27: 40.234586 | CC27: 40.281328 | CD27: 40.32807 | CE27: 40.374812 | CF27: 40.421554 | CG27: 40.468296 | CH27: 41.483472 | CI27: 41.534596 | CJ27: 42.07505 | CK27: 42.593593 | CL27: 42.858708 | CM27: 43.455398 | CN27: 43.732928 | CO27: 44.025065 | CP27: 43.338543 | CQ27: 43.221688 | CR27: 44.114167 | CS27: 43.5445 | CT27: 43.302756 | CU27: 43.212194 | CV27: 41.518529 | CW27: 41.518529 | CX27: 41.518529
A28: datastructure | B28: WB.DATA360:DS_DATA360(1.3) | C28: I | D28: A | E28: CUB | F28: WB_WDI_ER_H2O_FWST_ZS | G28: _T | H28: _T | I28: _T | J28: PT_FRSH_WAT_RSC | K28: _Z | L28: _Z | M28: _Z | N28: _Z | O28: RATIO | P28: 2 | Q28: WB_WDI | R28: P1Y | S28: Level of water stress: freshwater withdrawal as a proportion of available freshwater resources | T28: 0 | U28: WB_WDI | V28: PU | W28: A | X28: Annual | Y28: Cuba | Z28: Level of water stress: freshwater withdrawal as a proportion of available freshwater resources | AA28: Total | AB28: All age ranges or no breakdown by age | AC28: Total | AD28: Percentage of freshwater resources | AE28: Not Applicable | AF28: Not Applicable | AG28: Not Applicable | AH28: Not Applicable | AI28: Ratio | AJ28: Two | AK28: World Development Indicators (WDI) | AL28: Annual | AM28: Units | AN28: Normal value | AO28: Public | BW28: 17.92878 | BX28: 17.94621 | BY28: 17.963639 | BZ28: 17.981069 | CA28: 17.998499 | CB28: 18.015928 | CC28: 18.031982 | CD28: 18.049411 | CE28: 18.066841 | CF28: 18.08427 | CG28: 18.1017 | CH28: 18.11913 | CI28: 16.983657 | CJ28: 19.741442 | CK28: 20.837433 | CL28: 20.708584 | CM28: 21.786226 | CN28: 22.863868 | CO28: 23.939446 | CP28: 23.939446 | CQ28: 23.939446 | CR28: 23.939446 | CS28: 23.939446 | CT28: 23.939446 | CU28: 23.939446 | CV28: 23.939446 | CW28: 23.939446 | CX28: 23.939446
A29: datastructure | B29: WB.DATA360:DS_DATA360(1.3) | C29: I | D29: A | E29: GAB | F29: WB_WDI_ER_H2O_FWST_ZS | G29: _T | H29: _T | I29: _T | J29: PT_FRSH_WAT_RSC | K29: _Z | L29: _Z | M29: _Z | N29: _Z | O29: RATIO | P29: 2 | Q29: WB_WDI | R29: P1Y | S29: Level of water stress: freshwater withdrawal as a proportion of available freshwater resources | T29: 0 | U29: WB_WDI | V29: PU | W29: A | X29: Annual | Y29: Gabon | Z29: Level of water stress: freshwater withdrawal as a proportion of available freshwater resources | AA29: Total | AB29: All age ranges or no breakdown by age | AC29: Total | AD29: Percentage of freshwater resources | AE29: Not Applicable | AF29: Not Applicable | AG29: Not Applicable | AH29: Not Applicable | AI29: Ratio | AJ29: Two | AK29: World Development Indicators (WDI) | AL29: Annual | AM29: Units | AN29: Normal value | AO29: Public | BO29: 0.2166065 | BP29: 0.23335185 | BQ29: 0.25009719 | BR29: 0.26684254 | BS29: 0.28358789 | BT29: 0.30033324 | BU29: 0.31707859 | BV29: 0.33382394 | BW29: 0.35056929 | BX29: 0.36731464 | BY29: 0.38405998 | BZ29: 0.40080533 | CA29: 0.41755068 | CB29: 0.43429603 | CC29: 0.44787004 | CD29: 0.46144404 | CE29: 0.47501805 | CF29: 0.48859206 | CG29: 0.50216607 | CH29: 0.50216607 | CI29: 0.50216607 | CJ29: 0.50216607 | CK29: 0.50216607 | CL29: 0.50216607 | CM29: 0.50216607 | CN29: 0.50216607 | CO29: 0.50216607 | CP29: 0.50216607 | CQ29: 0.50216607 | CR29: 0.50216607 | CS29: 0.50216607 | CT29: 0.50216607 | CU29: 0.50216607 | CV29: 0.50216607 | CW29: 0.50216607 | CX29: 0.50216607
A30: datastructure | B30: WB.DATA360:DS_DATA360(1.3) | C30: I | D30: A | E30: IRN | F30: WB_WDI_ER_H2O_FWST_ZS | G30: _T | H30: _T | I30: _T | J30: PT_FRSH_WAT_RSC | K30: _Z | L30: _Z | M30: _Z | N30: _Z | O30: RATIO | P30: 2 | Q30: WB_WDI | R30: P1Y | S30: Level of water stress: freshwater withdrawal as a proportion of available freshwater resources | T30: 0 | U30: WB_WDI | V30: PU | W30: A | X30: Annual | Y30: Iran, Islamic Rep. | Z30: Level of water stress: freshwater withdrawal as a proportion of available freshwater resources | AA30: Total | AB30: All age ranges or no breakdown by age | AC30: Total | AD30: Percentage of freshwater resources | AE30: Not Applicable | AF30: Not Applicable | AG30: Not Applicable | AH30: Not Applicable | AI30: Ratio | AJ30: Two | AK30: World Development Indicators (WDI) | AL30: Annual | AM30: Units | AN30: Normal value | AO30: Public | BC30: 39.354585 | BD30: 40.570982 | BE30: 41.787378 | BF30: 43.003775 | BG30: 44.220172 | BH30: 45.436569 | BI30: 46.65384 | BJ30: 47.870383 | BK30: 49.086925 | BL30: 50.303468 | BM30: 51.52001 | BN30: 52.736553 | BO30: 53.953095 | BP30: 55.169638 | BQ30: 56.38618 | BR30: 57.602723 | BS30: 58.816933 | BT30: 60.03333 | BU30: 61.249727 | BV30: 66.917224 | BW30: 72.584722 | BX30: 73.546723 | BY30: 74.508724 | BZ30: 75.470725 | CA30: 76.432726 | CB30: 77.394726 | CC30: 78.401111 | CD30: 79.407495 | CE30: 80.413879 | CF30: 81.289081 | CG30: 81.289081 | CH30: 81.289081 | CI30: 81.289081 | CJ30: 81.289081 | CK30: 81.289081 | CL30: 81.289081 | CM30: 81.289081 | CN30: 81.289081 | CO30: 81.289081 | CP30: 81.289081 | CQ30: 81.289081 | CR30: 81.289081 | CS30: 81.289081 | CT30: 81.289081 | CU30: 81.289081 | CV30: 81.289081 | CW30: 81.289081 | CX30: 81.289081
A31: datastructure | B31: WB.DATA360:DS_DATA360(1.3) | C31: I | D31: A | E31: MMR | F31: WB_WDI_ER_H2O_FWST_ZS | G31: _T | H31: _T | I31: _T | J31: PT_FRSH_WAT_RSC | K31: _Z | L31: _Z | M31: _Z | N31: _Z | O31: RATIO | P31: 2 | Q31: WB_WDI | R31: P1Y | S31: Level of water stress: freshwater withdrawal as a proportion of available freshwater resources | T31: 0 | U31: WB_WDI | V31: PU | W31: A | X31: Annual | Y31: Myanmar | Z31: Level of water stress: freshwater withdrawal as a proportion of available freshwater resources | AA31: Total | AB31: All age ranges or no breakdown by age | AC31: Total | AD31: Percentage of freshwater resources | AE31: Not Applicable | AF31: Not Applicable | AG31: Not Applicable | AH31: Not Applicable | AI31: Ratio | AJ31: Two | AK31: World Development Indicators (WDI) | AL31: Annual | AM31: Units | AN31: Normal value | AO31: Public | BO31: 4.9329609 | BP31: 4.9997717 | BQ31: 5.0665825 | BR31: 5.1333933 | BS31: 5.2002041 | BT31: 5.2670149 | BU31: 5.3333665 | BV31: 5.4001007 | BW31: 5.4674474 | BX31: 5.5342582 | BY31: 5.6003035 | BZ31: 5.6670378 | CA31: 5.733772 | CB31: 5.8015014 | CC31: 5.8015014 | CD31: 5.8015014 | CE31: 5.8015014 | CF31: 5.8015014 | CG31: 5.8015014 | CH31: 5.8015014 | CI31: 5.8015014 | CJ31: 5.8015014 | CK31: 5.8015014 | CL31: 5.8015014 | CM31: 5.8015014 | CN31: 5.8015014 | CO31: 5.8015014 | CP31: 5.8015014 | CQ31: 5.8015014 | CR31: 5.8015014 | CS31: 5.8015014 | CT31: 5.8015014 | CU31: 5.8015014 | CV31: 5.8015014 | CW31: 5.8015014 | CX31: 5.8015014
A32: datastructure | B32: WB.DATA360:DS_DATA360(1.3) | C32: I | D32: A | E32: MLT | F32: WB_WDI_ER_H2O_FWST_ZS | G32: _T | H32: _T | I32: _T | J32: PT_FRSH_WAT_RSC | K32: _Z | L32: _Z | M32: _Z | N32: _Z | O32: RATIO | P32: 2 | Q32: WB_WDI | R32: P1Y | S32: Level of water stress: freshwater withdrawal as a proportion of available freshwater resources | T32: 0 | U32: WB_WDI | V32: PU | W32: A | X32: Annual | Y32: Malta | Z32: Level of water stress: freshwater withdrawal as a proportion of available freshwater resources | AA32: Total | AB32: All age ranges or no breakdown by age | AC32: Total | AD32: Percentage of freshwater resources | AE32: Not Applicable | AF32: Not Applicable | AG32: Not Applicable | AH32: Not Applicable | AI32: Ratio | AJ32: Two | AK32: World Development Indicators (WDI) | AL32: Annual | AM32: Units | AN32: Normal value | AO32: Public | BH32: 39.60396 | BI32: 44.356436 | BJ32: 49.108911 | BK32: 53.861386 | BL32: 58.613861 | BM32: 53.267327 | BN32: 52.554455 | BO32: 51.841584 | BP32: 51.128713 | BQ32: 50.415842 | BR32: 49.70297 | BS32: 48.990099 | BT32: 48.277228 | BU32: 47.564356 | BV32: 46.851485 | BW32: 46.138614 | BX32: 49.165488 | BY32: 52.192362 | BZ32: 55.219236 | CA32: 58.24611 | CB32: 61.272984 | CC32: 64.299859 | CD32: 67.326733 | CE32: 68.435644 | CF32: 68.514851 | CG32: 70.653465 | CH32: 71.762376 | CI32: 72.871287 | CJ32: 70.891089 | CK32: 62.772277 | CL32: 80.990099 | CM32: 75.445545 | CN32: 79.405941 | CO32: 91.287129 | CP32: 89.108911 | CQ32: 82.772277 | CR32: 82.970297 | CS32: 91.089109 | CT32: 84.623003 | CU32: 80.660965 | CV32: 81.777156 | CW32: 78.467214 | CX32: 72.600008
A33: datastructure | B33: WB.DATA360:DS_DATA360(1.3) | C33: I | D33: A | E33: IDN | F33: WB_WDI_ER_H2O_FWST_ZS | G33: _T | H33: _T | I33: _T | J33: PT_FRSH_WAT_RSC | K33: _Z | L33: _Z | M33: _Z | N33: _Z | O33: RATIO | P33: 2 | Q33: WB_WDI | R33: P1Y | S33: Level of water stress: freshwater withdrawal as a proportion of available freshwater resources | T33: 0 | U33: WB_WDI | V33: PU | W33: A | X33: Annual | Y33: Indonesia | Z33: Level of water stress: freshwater withdrawal as a proportion of available freshwater resources | AA33: Total | AB33: All age ranges or no breakdown by age | AC33: Total | AD33: Percentage of freshwater resources | AE33: Not Applicable | AF33: Not Applicable | AG33: Not Applicable | AH33: Not Applicable | AI33: Ratio | AJ33: Two | AK33: World Development Indicators (WDI) | AL33: Annual | AM33: Units | AN33: Normal value | AO33: Public | BR33: 9.914139 | BS33: 10.433596 | BT33: 10.953053 | BU33: 11.47251 | BV33: 11.991967 | BW33: 12.511425 | BX33: 13.030882 | BY33: 13.550339 | BZ33: 14.069796 | CA33: 14.589253 | CB33: 15.10871 | CC33: 16.02045 | CD33: 16.93219 | CE33: 17.843929 | CF33: 18.755669 | CG33: 19.667409 | CH33: 20.579148 | CI33: 21.490888 | CJ33: 22.402628 | CK33: 23.314367 | CL33: 24.226107 | CM33: 25.137847 | CN33: 26.049587 | CO33: 26.961326 | CP33: 27.873066 | CQ33: 28.784806 | CR33: 29.696545 | CS33: 29.696545 | CT33: 29.696545 | CU33: 29.696545 | CV33: 29.696545 | CW33: 29.696545 | CX33: 29.696545
A34: datastructure | B34: WB.DATA360:DS_DATA360(1.3) | C34: I | D34: A | E34: FRA | F34: WB_WDI_ER_H2O_FWST_ZS | G34: _T | H34: _T | I34: _T | J34: PT_FRSH_WAT_RSC | K34: _Z | L34: _Z | M34: _Z | N34: _Z | O34: RATIO | P34: 2 | Q34: WB_WDI | R34: P1Y | S34: Level of water stress: freshwater withdrawal as a proportion of available freshwater resources | T34: 0 | U34: WB_WDI | V34: PU | W34: A | X34: Annual | Y34: France | Z34: Level of water stress: freshwater withdrawal as a proportion of available freshwater resources | AA34: Total | AB34: All age ranges or no breakdown by age | AC34: Total | AD34: Percentage of freshwater resources | AE34: Not Applicable | AF34: Not Applicable | AG34: Not Applicable | AH34: Not Applicable | AI34: Ratio | AJ34: Two | AK34: World Development Indicators (WDI) | AL34: Annual | AM34: Units | AN34: Normal value | AO34: Public | BH34: 27.106715 | BI34: 27.792874 | BJ34: 28.479034 | BK34: 29.165193 | BL34: 29.851353 | BM34: 30.537512 | BN34: 31.027401 | BO34: 31.51729 | BP34: 32.007179 | BQ34: 32.497067 | BR34: 32.986956 | BS34: 33.660159 | BT34: 34.333363 | BU34: 32.777204 | BV34: 31.221045 | BW34: 29.664887 | BX34: 28.108728 | BY34: 26.552569 | BZ34: 27.243573 | CA34: 27.934576 | CB34: 28.62558 | CC34: 28.474569 | CD34: 28.323558 | CE34: 28.642797 | CF34: 28.962036 | CG34: 29.281275 | CH34: 28.206251 | CI34: 27.131226 | CJ34: 25.089731 | CK34: 24.923663 | CL34: 25.017946 | CM34: 26.390615 | CN34: 24.567101 | CO34: 23.773965 | CP34: 23.896525 | CQ34: 24.613499 | CR34: 23.142782 | CS34: 23.58925 | CT34: 23.569049 | CU34: 22.946762 | CV34: 21.598137 | CW34: 21.384627 | CX34: 21.384627
A35: datastructure | B35: WB.DATA360:DS_DATA360(1.3) | C35: I | D35: A | E35: COD | F35: WB_WDI_ER_H2O_FWST_ZS | G35: _T | H35: _T | I35: _T | J35: PT_FRSH_WAT_RSC | K35: _Z | L35: _Z | M35: _Z | N35: _Z | O35: RATIO | P35: 2 | Q35: WB_WDI | R35: P1Y | S35: Level of water stress: freshwater withdrawal as a proportion of available freshwater resources | T35: 0 | U35: WB_WDI | V35: PU | W35: A | X35: Annual | Y35: Congo, Dem. Rep. | Z35: Level of water stress: freshwater withdrawal as a proportion of available freshwater resources | AA35: Total | AB35: All age ranges or no breakdown by age | AC35: Total | AD35: Percentage of freshwater resources | AE35: Not Applicable | AF35: Not Applicable | AG35: Not Applicable | AH35: Not Applicable | AI35: Ratio | AJ35: Two | AK35: World Development Indicators (WDI) | AL35: Annual | AM35: Units | AN35: Normal value | AO35: Public | BW35: 0.15801527 | BX35: 0.1651842 | BY35: 0.17235314 | BZ35: 0.17952207 | CA35: 0.18669101 | CB35: 0.19385994 | CC35: 0.20046465 | CD35: 0.20706937 | CE35: 0.21367408 | CF35: 0.22027879 | CG35: 0.22688351 | CH35: 0.22688351 | CI35: 0.22688351 | CJ35: 0.22688351 | CK35: 0.22688351 | CL35: 0.22688351 | CM35: 0.22688351 | CN35: 0.22688351 | CO35: 0.22688351 | CP35: 0.22688351 | CQ35: 0.22688351 | CR35: 0.22688351 | CS35: 0.22688351 | CT35: 0.22688351 | CU35: 0.22688351 | CV35: 0.22688351 | CW35: 0.22688351 | CX35: 0.22688351
A36: datastructure | B36: WB.DATA360:DS_DATA360(1.3) | C36: I | D36: A | E36: CYP | F36: WB_WDI_ER_H2O_FWST_ZS | G36: _T | H36: _T | I36: _T | J36: PT_FRSH_WAT_RSC | K36: _Z | L36: _Z | M36: _Z | N36: _Z | O36: RATIO | P36: 2 | Q36: WB_WDI | R36: P1Y | S36: Level of water stress: freshwater withdrawal as a proportion of available freshwater resources | T36: 0 | U36: WB_WDI | V36: PU | W36: A | X36: Annual | Y36: Cyprus | Z36: Level of water stress: freshwater withdrawal as a proportion of available freshwater resources | AA36: Total | AB36: All age ranges or no breakdown by age | AC36: Total | AD36: Percentage of freshwater resources | AE36: Not Applicable | AF36: Not Applicable | AG36: Not Applicable | AH36: Not Applicable | AI36: Ratio | AJ36: Two | AK36: World Development Indicators (WDI) | AL36: Annual | AM36: Units | AN36: Normal value | AO36: Public | BC36: 21.186441 | BD36: 21.787862 | BE36: 22.389284 | BF36: 22.990705 | BG36: 23.592127 | BH36: 24.193548 | BI36: 24.822307 | BJ36: 25.451066 | BK36: 26.079825 | BL36: 26.708584 | BM36: 27.337343 | BN36: 27.966102 | BO36: 28.758885 | BP36: 29.469656 | BQ36: 30.180426 | BR36: 30.481137 | BS36: 29.797704 | BT36: 29.11427 | BU36: 28.430837 | BV36: 27.513083 | BW36: 26.595329 | BX36: 25.677576 | BY36: 24.759822 | BZ36: 23.842068 | CA36: 22.924315 | CB36: 22.006561 | CC36: 20.495196 | CD36: 23.332422 | CE36: 23.151996 | CF36: 22.971569 | CG36: 22.791143 | CH36: 22.610716 | CI36: 22.43029 | CJ36: 21.938218 | CK36: 25.191361 | CL36: 27.460361 | CM36: 30.180426 | CN36: 34.896118 | CO36: 28.266812 | CP36: 29.661017 | CQ36: 31.711318 | CR36: 29.797704 | CS36: 29.52433 | CT36: 28.29415 | CU36: 27.610716 | CV36: 31.574631 | CW36: 32.121378 | CX36: 30.481137
A37: datastructure | B37: WB.DATA360:DS_DATA360(1.3) | C37: I | D37: A | E37: KOR | F37: WB_WDI_ER_H2O_FWST_ZS | G37: _T | H37: _T | I37: _T | J37: PT_FRSH_WAT_RSC | K37: _Z | L37: _Z | M37: _Z | N37: _Z | O37: RATIO | P37: 2 | Q37: WB_WDI | R37: P1Y | S37: Level of water stress: freshwater withdrawal as a proportion of available freshwater resources | T37: 0 | U37: WB_WDI | V37: PU | W37: A | X37: Annual | Y37: Korea, Rep. | Z37: Level of water stress: freshwater withdrawal as a proportion of available freshwater resources | AA37: Total | AB37: All age ranges or no breakdown by age | AC37: Total | AD37: Percentage of freshwater resources | AE37: Not Applicable | AF37: Not Applicable | AG37: Not Applicable | AH37: Not Applicable | AI37: Ratio | AJ37: Two | AK37: World Development Indicators (WDI) | AL37: Annual | AM37: Units | AN37: Normal value | AO37: Public | BR37: 60.040864 | BS37: 62.071554 | BT37: 64.102243 | BU37: 66.132933 | BV37: 68.163623 | BW37: 70.194312 | BX37: 72.225002 | BY37: 74.255692 | BZ37: 76.431991 | CA37: 78.60829 | CB37: 80.784588 | CC37: 82.960887 | CD37: 85.137186 | CE37: 85.165402 | CF37: 85.193617 | CG37: 85.221833 | CH37: 85.221833 | CI37: 85.221833 | CJ37: 85.221833 | CK37: 85.221833 | CL37: 85.221833 | CM37: 85.221833 | CN37: 85.221833 | CO37: 85.221833 | CP37: 85.221833 | CQ37: 85.221833 | CR37: 85.221833 | CS37: 85.221833 | CT37: 85.221833 | CU37: 85.221833 | CV37: 85.221833 | CW37: 85.221833 | CX37: 85.221833
A38: datastructure | B38: WB.DATA360:DS_DATA360(1.3) | C38: I | D38: A | E38: DMA | F38: WB_WDI_ER_H2O_FWST_ZS | G38: _T | H38: _T | I38: _T | J38: PT_FRSH_WAT_RSC | K38: _Z | L38: _Z | M38: _Z | N38: _Z | O38: RATIO | P38: 2 | Q38: WB_WDI | R38: P1Y | S38: Level of water stress: freshwater withdrawal as a proportion of available freshwater resources | T38: 0 | U38: WB_WDI | V38: PU | W38: A | X38: Annual | Y38: Dominica | Z38: Level of water stress: freshwater withdrawal as a proportion of available freshwater resources | AA38: Total | AB38: All age ranges or no breakdown by age | AC38: Total | AD38: Percentage of freshwater resources | AE38: Not Applicable | AF38: Not Applicable | AG38: Not Applicable | AH38: Not Applicable | AI38: Ratio | AJ38: Two | AK38: World Development Indicators (WDI) | AL38: Annual | AM38: Units | AN38: Normal value | AO38: Public | BX38: 8.3 | BY38: 8.3 | BZ38: 8.3 | CA38: 8.3 | CB38: 8.3 | CC38: 8.3 | CD38: 8.3 | CE38: 8.3 | CF38: 8.3 | CG38: 8.5833333 | CH38: 8.8666667 | CI38: 9.15 | CJ38: 9.4333333 | CK38: 9.7166667 | CL38: 10 | CM38: 10 | CN38: 10 | CO38: 10 | CP38: 10 | CQ38: 10 | CR38: 10 | CS38: 10 | CT38: 10 | CU38: 10 | CV38: 10 | CW38: 10 | CX38: 10
A39: datastructure | B39: WB.DATA360:DS_DATA360(1.3) | C39: I | D39: A | E39: LSO | F39: WB_WDI_ER_H2O_FWST_ZS | G39: _T | H39: _T | I39: _T | J39: PT_FRSH_WAT_RSC | K39: _Z | L39: _Z | M39: _Z | N39: _Z | O39: RATIO | P39: 2 | Q39: WB_WDI | R39: P1Y | S39: Level of water stress: freshwater withdrawal as a proportion of available freshwater resources | T39: 0 | U39: WB_WDI | V39: PU | W39: A | X39: Annual | Y39: Lesotho | Z39: Level of water stress: freshwater withdrawal as a proportion of available freshwater resources | AA39: Total | AB39: All age ranges or no breakdown by age | AC39: Total | AD39: Percentage of freshwater resources | AE39: Not Applicable | AF39: Not Applicable | AG39: Not Applicable | AH39: Not Applicable | AI39: Ratio | AJ39: Two | AK39: World Development Indicators (WDI) | AL39: Annual | AM39: Units | AN39: Normal value | AO39: Public | BO39: 2.9291154 | BP39: 2.8920884 | BQ39: 2.8550614 | BR39: 2.8180343 | BS39: 2.7810073 | BT39: 2.7439803 | BU39: 2.7069533 | BV39: 2.6699262 | BW39: 2.6328992 | BX39: 2.5958722 | BY39: 2.5588452 | BZ39: 2.5218182 | CA39: 2.4847911 | CB39: 2.5659051 | CC39: 2.5659051 | CD39: 2.5659051 | CE39: 2.5659051 | CF39: 2.5659051 | CG39: 2.5659051 | CH39: 2.5659051 | CI39: 2.5659051 | CJ39: 2.5659051 | CK39: 2.5659051 | CL39: 2.5659051 | CM39: 2.5659051 | CN39: 2.5659051 | CO39: 2.5659051 | CP39: 2.5659051 | CQ39: 2.5659051 | CR39: 2.5659051 | CS39: 2.5659051 | CT39: 2.5659051 | CU39: 2.5659051 | CV39: 2.5659051 | CW39: 2.5659051 | CX39: 2.5659051
A40: datastructure | B40: WB.DATA360:DS_DATA360(1.3) | C40: I | D40: A | E40: BEN | F40: WB_WDI_ER_H2O_FWST_ZS | G40: _T | H40: _T | I40: _T | J40: PT_FRSH_WAT_RSC | K40: _Z | L40: _Z | M40: _Z | N40: _Z | O40: RATIO | P40: 2 | Q40: WB_WDI | R40: P1Y | S40: Level of water stress: freshwater withdrawal as a proportion of available freshwater resources | T40: 0 | U40: WB_WDI | V40: PU | W40: A | X40: Annual | Y40: Benin | Z40: Level of water stress: freshwater withdrawal as a proportion of available freshwater resources | AA40: Total | AB40: All age ranges or no breakdown by age | AC40: Total | AD40: Percentage of freshwater resources | AE40: Not Applicable | AF40: Not Applicable | AG40: Not Applicable | AH40: Not Applicable | AI40: Ratio | AJ40: Two | AK40: World Development Indicators (WDI) | AL40: Annual | AM40: Units | AN40: Normal value | AO40: Public | BM40: 0.8252063 | BN40: 0.86134659 | BO40: 0.89748687 | BP40: 0.93362716 | BQ40: 0.96976744 | BR40: 1.0059077 | BS40: 1.0421981 | BT40: 1.0784884 | BU40: 1.1147787 | BV40: 1.151069 | BW40: 1.1259511 | BX40: 1.1008332 | BY40: 1.0757154 | BZ40: 1.0505975 | CA40: 1.0254796 | CB40: 1.0003617 | CC40: 0.97524381 | CD40: 0.97524381 | CE40: 0.97524381 | CF40: 0.97524381 | CG40: 0.97524381 | CH40: 0.97524381 | CI40: 0.97524381 | CJ40: 0.97524381 | CK40: 0.97524381 | CL40: 0.97524381 | CM40: 0.97524381 | CN40: 0.97524381 | CO40: 0.97524381 | CP40: 0.97524381 | CQ40: 0.97524381 | CR40: 0.97524381 | CS40: 0.97524381 | CT40: 0.97524381 | CU40: 0.97524381 | CV40: 0.97524381 | CW40: 0.97524381 | CX40: 0.97524381
A41: datastructure | B41: WB.DATA360:DS_DATA360(1.3) | C41: I | D41: A | E41: PRY | F41: WB_WDI_ER_H2O_FWST_ZS | G41: _T | H41: _T | I41: _T | J41: PT_FRSH_WAT_RSC | K41: _Z | L41: _Z | M41: _Z | N41: _Z | O41: RATIO | P41: 2 | Q41: WB_WDI | R41: P1Y | S41: Level of water stress: freshwater withdrawal as a proportion of available freshwater resources | T41: 0 | U41: WB_WDI | V41: PU | W41: A | X41: Annual | Y41: Paraguay | Z41: Level of water stress: freshwater withdrawal as a proportion of available freshwater resources | AA41: Total | AB41: All age ranges or no breakdown by age | AC41: Total | AD41: Percentage of freshwater resources | AE41: Not Applicable | AF41: Not Applicable | AG41: Not Applicable | AH41: Not Applicable | AI41: Ratio | AJ41: Two | AK41: World Development Indicators (WDI) | AL41: Annual | AM41: Units | AN41: Normal value | AO41: Public | BO41: 0.32707082 | BP41: 0.33058141 | BQ41: 0.33409201 | BR41: 0.33760261 | BS41: 0.34111321 | BT41: 0.34462381 | BU41: 0.34813441 | BV41: 0.35164501 | BW41: 0.35515561 | BX41: 0.35866621 | BY41: 0.36217681 | BZ41: 0.36568741 | CA41: 0.369198 | CB41: 0.3727086 | CC41: 0.49972226 | CD41: 0.62673591 | CE41: 0.75374956 | CF41: 0.88076321 | CG41: 1.0077769 | CH41: 1.1347905 | CI41: 1.2618042 | CJ41: 1.3888178 | CK41: 1.5049925 | CL41: 1.6211672 | CM41: 1.7135088 | CN41: 1.8353997 | CO41: 1.8353997 | CP41: 1.8353997 | CQ41: 1.8353997 | CR41: 1.8353997 | CS41: 1.8353997 | CT41: 1.8353997 | CU41: 1.8353997 | CV41: 1.8353997 | CW41: 1.8353997 | CX41: 1.8353997
A42: datastructure | B42: WB.DATA360:DS_DATA360(1.3) | C42: I | D42: A | E42: CRI | F42: WB_WDI_ER_H2O_FWST_ZS | G42: _T | H42: _T | I42: _T | J42: PT_FRSH_WAT_RSC | K42: _Z | L42: _Z | M42: _Z | N42: _Z | O42: RATIO | P42: 2 | Q42: WB_WDI | R42: P1Y | S42: Level of water stress: freshwater withdrawal as a proportion of available freshwater resources | T42: 0 | U42: WB_WDI | V42: PU | W42: A | X42: Annual | Y42: Costa Rica | Z42: Level of water stress: freshwater withdrawal as a proportion of available freshwater resources | AA42: Total | AB42: All age ranges or no breakdown by age | AC42: Total | AD42: Percentage of freshwater resources | AE42: Not Applicable | AF42: Not Applicable | AG42: Not Applicable | AH42: Not Applicable | AI42: Ratio | AJ42: Two | AK42: World Development Indicators (WDI) | AL42: Annual | AM42: Units | AN42: Normal value | AO42: Public | CN42: 3.9903089 | CO42: 4.2083976 | CP42: 4.6820648 | CQ42: 5.4505427 | CR42: 4.9875597 | CS42: 4.1638225 | CT42: 5.2110239 | CU42: 5.3551706 | CV42: 5.3516724 | CW42: 5.8819625 | CX42: 5.8819625
A43: datastructure | B43: WB.DATA360:DS_DATA360(1.3) | C43: I | D43: A | E43: UGA | F43: WB_WDI_ER_H2O_FWST_ZS | G43: _T | H43: _T | I43: _T | J43: PT_FRSH_WAT_RSC | K43: _Z | L43: _Z | M43: _Z | N43: _Z | O43: RATIO | P43: 2 | Q43: WB_WDI | R43: P1Y | S43: Level of water stress: freshwater withdrawal as a proportion of available freshwater resources | T43: 0 | U43: WB_WDI | V43: PU | W43: A | X43: Annual | Y43: Uganda | Z43: Level of water stress: freshwater withdrawal as a proportion of available freshwater resources | AA43: Total | AB43: All age ranges or no breakdown by age | AC43: Total | AD43: Percentage of freshwater resources | AE43: Not Applicable | AF43: Not Applicable | AG43: Not Applicable | AH43: Not Applicable | AI43: Ratio | AJ43: Two | AK43: World Development Indicators (WDI) | AL43: Annual | AM43: Units | AN43: Normal value | AO43: Public | AX43: 1.8298262 | AY43: 1.8693504 | AZ43: 1.9088747 | BA43: 1.9483989 | BB43: 1.9879231 | BC43: 2.0274474 | BD43: 2.0669716 | BE43: 2.1064959 | BF43: 2.1460201 | BG43: 2.1855444 | BH43: 2.2250686 | BI43: 2.2645929 | BJ43: 2.3041171 | BK43: 2.3436414 | BL43: 2.3831656 | BM43: 2.4226898 | BN43: 2.4622141 | BO43: 2.5017383 | BP43: 2.5412626 | BQ43: 2.5807868 | BR43: 2.6203111 | BS43: 2.6598353 | BT43: 2.6993596 | BU43: 2.7388838 | BV43: 2.7784081 | BW43: 2.8179323 | BX43: 2.8574565 | BY43: 2.8969808 | BZ43: 2.936505 | CA43: 2.9760293 | CB43: 3.0155535 | CC43: 3.1617109 | CD43: 3.3078683 | CE43: 3.7278896 | CF43: 4.1479109 | CG43: 4.5679323 | CH43: 4.9879536 | CI43: 5.407975 | CJ43: 5.8279963 | CK43: 5.8279963 | CL43: 5.8279963 | CM43: 5.8279963 | CN43: 5.8279963 | CO43: 5.8279963 | CP43: 5.8279963 | CQ43: 5.8279963 | CR43: 5.8279963 | CS43: 5.8279963 | CT43: 5.8279963 | CU43: 5.8279963 | CV43: 5.8279963 | CW43: 5.8279963 | CX43: 5.8279963
A44: datastructure | B44: WB.DATA360:DS_DATA360(1.3) | C44: I | D44: A | E44: TUN | F44: WB_WDI_ER_H2O_FWST_ZS | G44: _T | H44: _T | I44: _T | J44: PT_FRSH_WAT_RSC | K44: _Z | L44: _Z | M44: _Z | N44: _Z | O44: RATIO | P44: 2 | Q44: WB_WDI | R44: P1Y | S44: Level of water stress: freshwater withdrawal as a proportion of available freshwater resources | T44: 0 | U44: WB_WDI | V44: PU | W44: A | X44: Annual | Y44: Tunisia | Z44: Level of water stress: freshwater withdrawal as a proportion of available freshwater resources | AA44: Total | AB44: All age ranges or no breakdown by age | AC44: Total | AD44: Percentage of freshwater resources | AE44: Not Applicable | AF44: Not Applicable | AG44: Not Applicable | AH44: Not Applicable | AI44: Ratio | AJ44: Two | AK44: World Development Indicators (WDI) | AL44: Annual | AM44: Units | AN44: Normal value | AO44: Public | BC44: 27.169083 | BD44: 31.3841 | BE44: 35.599116 | BF44: 39.814133 | BG44: 44.02915 | BH44: 48.244166 | BI44: 50.2755 | BJ44: 52.306833 | BK44: 54.338166 | BL44: 56.3695 | BM44: 58.400833 | BN44: 62.336541 | BO44: 66.272249 | BP44: 70.207958 | BQ44: 74.143666 | BR44: 77.876241 | BS44: 76.769164 | BT44: 75.662088 | BU44: 74.555011 | BV44: 73.447934 | BW44: 72.340858 | BX44: 71.213468 | BY44: 70.086078 | BZ44: 68.958688 | CA44: 67.831298 | CB44: 66.018333 | CC44: 71.325191 | CD44: 71.706066 | CE44: 72.086941 | CF44: 72.467816 | CG44: 72.848691 | CH44: 73.229566 | CI44: 73.610441 | CJ44: 73.991316 | CK44: 76.555874 | CL44: 79.120433 | CM44: 81.684991 | CN44: 84.269863 | CO44: 86.854734 | CP44: 89.439606 | CQ44: 92.024478 | CR44: 94.609349 | CS44: 89.531016 | CT44: 95.998781 | CU44: 96.310591 | CV44: 98.113399 | CW44: 98.113399 | CX44: 98.113399
A45: datastructure | B45: WB.DATA360:DS_DATA360(1.3) | C45: I | D45: A | E45: TCD | F45: WB_WDI_ER_H2O_FWST_ZS | G45: _T | H45: _T | I45: _T | J45: PT_FRSH_WAT_RSC | K45: _Z | L45: _Z | M45: _Z | N45: _Z | O45: RATIO | P45: 2 | Q45: WB_WDI | R45: P1Y | S45: Level of water stress: freshwater withdrawal as a proportion of available freshwater resources | T45: 0 | U45: WB_WDI | V45: PU | W45: A | X45: Annual | Y45: Chad | Z45: Level of water stress: freshwater withdrawal as a proportion of available freshwater resources | AA45: Total | AB45: All age ranges or no breakdown by age | AC45: Total | AD45: Percentage of freshwater resources | AE45: Not Applicable | AF45: Not Applicable | AG45: Not Applicable | AH45: Not Applicable | AI45: Ratio | AJ45: Two | AK45: World Development Indicators (WDI) | AL45: Annual | AM45: Units | AN45: Normal value | AO45: Public | BO45: 0.88378906 | BP45: 1.1085136 | BQ45: 1.3332382 | BR45: 1.5579627 | BS45: 1.7826873 | BT45: 2.0074119 | BU45: 2.2321364 | BV45: 2.456861 | BW45: 2.6815855 | BX45: 2.9063101 | BY45: 3.1310347 | BZ45: 3.3557592 | CA45: 3.5804838 | CB45: 3.8052083 | CC45: 4.0055339 | CD45: 4.2058594 | CE45: 4.2355469 | CF45: 4.2652344 | CG45: 4.2949219 | CH45: 4.2949219 | CI45: 4.2949219 | CJ45: 4.2949219 | CK45: 4.2949219 | CL45: 4.2949219 | CM45: 4.2949219 | CN45: 4.2949219 | CO45: 4.2949219 | CP45: 4.2949219 | CQ45: 4.2949219 | CR45: 4.2949219 | CS45: 4.2949219 | CT45: 4.2949219 | CU45: 4.2949219 | CV45: 4.2949219 | CW45: 4.2949219 | CX45: 4.2949219
A46: datastructure | B46: WB.DATA360:DS_DATA360(1.3) | C46: I | D46: A | E46: DOM | F46: WB_WDI_ER_H2O_FWST_ZS | G46: _T | H46: _T | I46: _T | J46: PT_FRSH_WAT_RSC | K46: _Z | L46: _Z | M46: _Z | N46: _Z | O46: RATIO | P46: 2 | Q46: WB_WDI | R46: P1Y | S46: Level of water stress: freshwater withdrawal as a proportion of available freshwater resources | T46: 0 | U46: WB_WDI | V46: PU | W46: A | X46: Annual | Y46: Dominican Republic | Z46: Level of water stress: freshwater withdrawal as a proportion of available freshwater resources | AA46: Total | AB46: All age ranges or no breakdown by age | AC46: Total | AD46: Percentage of freshwater resources | AE46: Not Applicable | AF46: Not Applicable | AG46: Not Applicable | AH46: Not Applicable | AI46: Ratio | AJ46: Two | AK46: World Development Indicators (WDI) | AL46: Annual | AM46: Units | AN46: Normal value | AO46: Public | CB46: 26.961871 | CC46: 27.611394 | CD46: 28.260918 | CE46: 28.910441 | CF46: 29.559965 | CG46: 30.209488 | CH46: 32.078253 | CI46: 33.947018 | CJ46: 35.815784 | CK46: 37.684549 | CL46: 39.553314 | CM46: 39.553314 | CN46: 39.553314 | CO46: 39.553314 | CP46: 39.553314 | CQ46: 39.553314 | CR46: 39.553314 | CS46: 39.553314 | CT46: 39.553314 | CU46: 39.553314 | CV46: 39.553314 | CW46: 39.553314 | CX46: 39.553314
A47: datastructure | B47: WB.DATA360:DS_DATA360(1.3) | C47: I | D47: A | E47: GRC | F47: WB_WDI_ER_H2O_FWST_ZS | G47: _T | H47: _T | I47: _T | J47: PT_FRSH_WAT_RSC | K47: _Z | L47: _Z | M47: _Z | N47: _Z | O47: RATIO | P47: 2 | Q47: WB_WDI | R47: P1Y | S47: Level of water stress: freshwater withdrawal as a proportion of available freshwater resources | T47: 0 | U47: WB_WDI | V47: PU | W47: A | X47: Annual | Y47: Greece | Z47: Level of water stress: freshwater withdrawal as a proportion of available freshwater resources | AA47: Total | AB47: All age ranges or no breakdown by age | AC47: Total | AD47: Percentage of freshwater resources | AE47: Not Applicable | AF47: Not Applicable | AG47: Not Applicable | AH47: Not Applicable | AI47: Ratio | AJ47: Two | AK47: World Development Indicators (WDI) | AL47: Annual | AM47: Units | AN47: Normal value | AO47: Public | AX47: 8.6061097 | AY47: 8.6149302 | AZ47: 8.6237508 | BA47: 8.6325713 | BB47: 8.6413919 | BC47: 8.6502124 | BD47: 8.9553712 | BE47: 9.26053 | BF47: 9.5656889 | BG47: 9.8708477 | BH47: 10.176006 | BI47: 10.36051 | BJ47: 10.545013 | BK47: 10.729516 | BL47: 10.91402 | BM47: 11.098523 | BN47: 12.055837 | BO47: 13.01315 | BP47: 13.970463 | BQ47: 14.927777 | BR47: 15.88509 | BS47: 16.073235 | BT47: 16.26138 | BU47: 16.092117 | BV47: 15.922854 | BW47: 15.753591 | BX47: 16.661946 | BY47: 17.570301 | BZ47: 17.793243 | CA47: 18.016185 | CB47: 18.239126 | CC47: 18.462068 | CD47: 18.685009 | CE47: 18.959808 | CF47: 19.234608 | CG47: 19.509407 | CH47: 19.485333 | CI47: 19.461258 | CJ47: 19.620221 | CK47: 19.780194 | CL47: 19.938145 | CM47: 20.09913 | CN47: 20.09913 | CO47: 20.078899 | CP47: 20.060692 | CQ47: 20.044507 | CR47: 20.505766 | CS47: 20.50172 | CT47: 20.477443 | CU47: 20.463281 | CV47: 20.477443 | CW47: 20.406636 | CX47: 20.325713
A48: datastructure | B48: WB.DATA360:DS_DATA360(1.3) | C48: I | D48: A | E48: VEN | F48: WB_WDI_ER_H2O_FWST_ZS | G48: _T | H48: _T | I48: _T | J48: PT_FRSH_WAT_RSC | K48: _Z | L48: _Z | M48: _Z | N48: _Z | O48: RATIO | P48: 2 | Q48: WB_WDI | R48: P1Y | S48: Level of water stress: freshwater withdrawal as a proportion of available freshwater resources | T48: 0 | U48: WB_WDI | V48: PU | W48: A | X48: Annual | Y48: Venezuela, RB | Z48: Level of water stress: freshwater withdrawal as a proportion of available freshwater resources | AA48: Total | AB48: All age ranges or no breakdown by age | AC48: Total | AD48: Percentage of freshwater resources | AE48: Not Applicable | AF48: Not Applicable | AG48: Not Applicable | AH48: Not Applicable | AI48: Ratio | AJ48: Two | AK48: World Development Indicators (WDI) | AL48: Annual | AM48: Units | AN48: Normal value | AO48: Public | AX48: 1.3666667 | AY48: 1.4217656 | AZ48: 1.4768644 | BA48: 1.5319633 | BB48: 1.5870622 | BC48: 1.6421611 | BD48: 1.6976067 | BE48: 1.7527633 | BF48: 1.80792 | BG48: 1.8625567 | BH48: 1.9176556 | BI48: 1.9727544 | BJ48: 2.0285467 | BK48: 2.0837033 | BL48: 2.13886 | BM48: 2.1940167 | BN48: 2.2491733 | BO48: 2.30433 | BP48: 2.3594867 | BQ48: 2.4146433 | BR48: 2.4680667 | BS48: 2.5232233 | BT48: 2.57838 | BU48: 2.6339411 | BV48: 2.68904 | BW48: 2.7441389 | BX48: 2.7992378 | BY48: 2.8543367 | BZ48: 2.9094356 | CA48: 2.9644767 | CB48: 3.0196333 | CC48: 3.6811133 | CD48: 4.3425933 | CE48: 4.755217 | CF48: 5.3838011 | CG48: 6.0123852 | CH48: 6.5888818 | CI48: 7.5403667 | CJ48: 7.5403667 | CK48: 7.5403667 | CL48: 7.5403667 | CM48: 7.5403667 | CN48: 7.5403667 | CO48: 7.5403667 | CP48: 7.5403667 | CQ48: 7.5403667 | CR48: 7.5403667 | CS48: 7.5403667 | CT48: 7.5403667 | CU48: 7.5403667 | CV48: 7.5403667 | CW48: 7.5403667 | CX48: 7.5403667
A49: datastructure | B49: WB.DATA360:DS_DATA360(1.3) | C49: I | D49: A | E49: COL | F49: WB_WDI_ER_H2O_FWST_ZS | G49: _T | H49: _T | I49: _T | J49: PT_FRSH_WAT_RSC | K49: _Z | L49: _Z | M49: _Z | N49: _Z | O49: RATIO | P49: 2 | Q49: WB_WDI | R49: P1Y | S49: Level of water stress: freshwater withdrawal as a proportion of available freshwater resources | T49: 0 | U49: WB_WDI | V49: PU | W49: A | X49: Annual | Y49: Colombia | Z49: Level of water stress: freshwater withdrawal as a proportion of available freshwater resources | AA49: Total | AB49: All age ranges or no breakdown by age | AC49: Total | AD49: Percentage of freshwater resources | AE49: Not Applicable | AF49: Not Applicable | AG49: Not Applicable | AH49: Not Applicable | AI49: Ratio | AJ49: Two | AK49: World Development Indicators (WDI) | AL49: Annual | AM49: Units | AN49: Normal value | AO49: Public | CB49: 1.1595808 | CC49: 1.2348802 | CD49: 1.3100674 | CE49: 1.3853106 | CF49: 1.4605539 | CG49: 1.5357972 | CH49: 1.6110404 | CI49: 1.6862837 | CJ49: 1.761976 | CK49: 2.1333398 | CL49: 2.5057515 | CM49: 2.6098323 | CN49: 2.6521991 | CO49: 2.7751033 | CP49: 2.8482126 | CQ49: 2.957021 | CR49: 3.0028757 | CS49: 3.1546138 | CT49: 3.2048039 | CU49: 3.2720734 | CV49: 3.3925554 | CW49: 3.524265 | CX49: 3.6322814
A50: datastructure | B50: WB.DATA360:DS_DATA360(1.3) | C50: I | D50: A | E50: MKD | F50: WB_WDI_ER_H2O_FWST_ZS | G50: _T | H50: _T | I50: _T | J50: PT_FRSH_WAT_RSC | K50: _Z | L50: _Z | M50: _Z | N50: _Z | O50: RATIO | P50: 2 | Q50: WB_WDI | R50: P1Y | S50: Level of water stress: freshwater withdrawal as a proportion of available freshwater resources | T50: 0 | U50: WB_WDI | V50: PU | W50: A | X50: Annual | Y50: North Macedonia | Z50: Level of water stress: freshwater withdrawal as a proportion of available freshwater resources | AA50: Total | AB50: All age ranges or no breakdown by age | AC50: Total | AD50: Percentage of freshwater resources | AE50: Not Applicable | AF50: Not Applicable | AG50: Not Applicable | AH50: Not Applicable | AI50: Ratio | AJ50: Two | AK50: World Development Indicators (WDI) | AL50: Annual | AM50: Units | AN50: Normal value | AO50: Public | BX50: 37.633107 | BY50: 32.411665 | BZ50: 27.190223 | CA50: 21.96878 | CB50: 16.747338 | CC50: 16.035818 | CD50: 15.324298 | CE50: 19.548241 | CF50: 23.772185 | CG50: 27.996128 | CH50: 20.667957 | CI50: 13.339787 | CJ50: 19.340513 | CK50: 25.341239 | CL50: 21.999032 | CM50: 18.656825 | CN50: 15.314618 | CO50: 11.97241 | CP50: 16.402259 | CQ50: 20.832107 | CR50: 25.261955 | CS50: 38.692328 | CT50: 52.122701 | CU50: 38.702323 | CV50: 34.846321 | CW50: 37.932962 | CX50: 52.553243
A51: datastructure | B51: WB.DATA360:DS_DATA360(1.3) | C51: I | D51: A | E51: AGO | F51: WB_WDI_ER_H2O_FWST_ZS | G51: _T | H51: _T | I51: _T | J51: PT_FRSH_WAT_RSC | K51: _Z | L51: _Z | M51: _Z | N51: _Z | O51: RATIO | P51: 2 | Q51: WB_WDI | R51: P1Y | S51: Level of water stress: freshwater withdrawal as a proportion of available freshwater resources | T51: 0 | U51: WB_WDI | V51: PU | W51: A | X51: Annual | Y51: Angola | Z51: Level of water stress: freshwater withdrawal as a proportion of available freshwater resources | AA51: Total | AB51: All age ranges or no breakdown by age | AC51: Total | AD51: Percentage of freshwater resources | AE51: Not Applicable | AF51: Not Applicable | AG51: Not Applicable | AH51: Not Applicable | AI51: Ratio | AJ51: Two | AK51: World Development Indicators (WDI) | AL51: Annual | AM51: Units | AN51: Normal value | AO51: Public | BO51: 1.2732095 | BP51: 1.3059376 | BQ51: 1.3386656 | BR51: 1.3713936 | BS51: 1.4041216 | BT51: 1.4368496 | BU51: 1.4695776 | BV51: 1.5023057 | BW51: 1.5350337 | BX51: 1.5677617 | BY51: 1.6004897 | BZ51: 1.6332177 | CA51: 1.6659457 | CB51: 1.6986737 | CC51: 1.7333156 | CD51: 1.7679576 | CE51: 1.8025995 | CF51: 1.8372414 | CG51: 1.8718833 | CH51: 1.8718833 | CI51: 1.8718833 | CJ51: 1.8718833 | CK51: 1.8718833 | CL51: 1.8718833 | CM51: 1.8718833 | CN51: 1.8718833 | CO51: 1.8718833 | CP51: 1.8718833 | CQ51: 1.8718833 | CR51: 1.8718833 | CS51: 1.8718833 | CT51: 1.8718833 | CU51: 1.8718833 | CV51: 1.8718833 | CW51: 1.8718833 | CX51: 1.8718833
A52: datastructure | B52: WB.DATA360:DS_DATA360(1.3) | C52: I | D52: A | E52: LVA | F52: WB_WDI_ER_H2O_FWST_ZS | G52: _T | H52: _T | I52: _T | J52: PT_FRSH_WAT_RSC | K52: _Z | L52: _Z | M52: _Z | N52: _Z | O52: RATIO | P52: 2 | Q52: WB_WDI | R52: P1Y | S52: Level of water stress: freshwater withdrawal as a proportion of available freshwater resources | T52: 0 | U52: WB_WDI | V52: PU | W52: A | X52: Annual | Y52: Latvia | Z52: Level of water stress: freshwater withdrawal as a proportion of available freshwater resources | AA52: Total | AB52: All age ranges or no breakdown by age | AC52: Total | AD52: Percentage of freshwater resources | AE52: Not Applicable | AF52: Not Applicable | AG52: Not Applicable | AH52: Not Applicable | AI52: Ratio | AJ52: Two | AK52: World Development Indicators (WDI) | AL52: Annual | AM52: Units | AN52: Normal value | AO52: Public | BW52: 2.3935573 | BX52: 2.2573561 | BY52: 2.121155 | BZ52: 1.9849538 | CA52: 1.8487527 | CB52: 1.7125516 | CC52: 1.5763504 | CD52: 1.4407778 | CE52: 1.3961108 | CF52: 1.3514437 | CG52: 1.3067767 | CH52: 1.2621096 | CI52: 1.2174425 | CJ52: 1.3482616 | CK52: 2.3270477 | CL52: 1.6216853 | CM52: 2.1750147 | CN52: 1.462581 | CO52: 1.3906895 | CP52: 0.9929287 | CQ52: 1.0412493 | CR52: 1.0952143 | CS52: 1.0672809 | CT52: 1.0804302 | CU52: 1.0526164 | CV52: 1.0678315 | CW52: 1.0869181 | CX52: 1.0155215
A53: datastructure | B53: WB.DATA360:DS_DATA360(1.3) | C53: I | D53: A | E53: KEN | F53: WB_WDI_ER_H2O_FWST_ZS | G53: _T | H53: _T | I53: _T | J53: PT_FRSH_WAT_RSC | K53: _Z | L53: _Z | M53: _Z | N53: _Z | O53: RATIO | P53: 2 | Q53: WB_WDI | R53: P1Y | S53: Level of water stress: freshwater withdrawal as a proportion of available freshwater resources | T53: 0 | U53: WB_WDI | V53: PU | W53: A | X53: Annual | Y53: Kenya | Z53: Level of water stress: freshwater withdrawal as a proportion of available freshwater resources | AA53: Total | AB53: All age ranges or no breakdown by age | AC53: Total | AD53: Percentage of freshwater resources | AE53: Not Applicable | AF53: Not Applicable | AG53: Not Applicable | AH53: Not Applicable | AI53: Ratio | AJ53: Two | AK53: World Development Indicators (WDI) | AL53: Annual | AM53: Units | AN53: Normal value | AO53: Public | BR53: 16.892003 | BS53: 16.488807 | BT53: 16.085611 | BU53: 15.682415 | BV53: 15.279219 | BW53: 14.876023 | BX53: 14.472826 | BY53: 14.06963 | BZ53: 13.666434 | CA53: 13.263238 | CB53: 12.860042 | CC53: 14.948739 | CD53: 17.037436 | CE53: 19.126134 | CF53: 20.183724 | CG53: 21.241314 | CH53: 22.298905 | CI53: 23.356495 | CJ53: 24.414085 | CK53: 25.471676 | CL53: 26.529266 | CM53: 26.532564 | CN53: 26.535861 | CO53: 26.539159 | CP53: 26.542457 | CQ53: 26.545754 | CR53: 33.239901 | CS53: 33.239901 | CT53: 33.239901 | CU53: 33.239901 | CV53: 33.239901 | CW53: 33.239901 | CX53: 33.239901
A54: datastructure | B54: WB.DATA360:DS_DATA360(1.3) | C54: I | D54: A | E54: PSE | F54: WB_WDI_ER_H2O_FWST_ZS | G54: _T | H54: _T | I54: _T | J54: PT_FRSH_WAT_RSC | K54: _Z | L54: _Z | M54: _Z | N54: _Z | O54: RATIO | P54: 2 | Q54: WB_WDI | R54: P1Y | S54: Level of water stress: freshwater withdrawal as a proportion of available freshwater resources | T54: 0 | U54: WB_WDI | V54: PU | W54: A | X54: Annual | Y54: West Bank and Gaza | Z54: Level of water stress: freshwater withdrawal as a proportion of available freshwater resources | AA54: Total | AB54: All age ranges or no breakdown by age | AC54: Total | AD54: Percentage of freshwater resources | AE54: Not Applicable | AF54: Not Applicable | AG54: Not Applicable | AH54: Not Applicable | AI54: Ratio | AJ54: Two | AK54: World Development Indicators (WDI) | AL54: Annual | AM54: Units | AN54: Normal value | AO54: Public | CB54: 40.07512 | CC54: 38.575096 | CD54: 46.160795 | CE54: 48.625969 | CF54: 54.314648 | CG54: 58.194266 | CH54: 56.266819 | CI54: 53.856796 | CJ54: 51.446774 | CK54: 49.036752 | CL54: 38.625018 | CM54: 38.068749 | CN54: 41.734417 | CO54: 43.132221 | CP54: 39.15276 | CQ54: 41.534731 | CR54: 40.022821 | CS54: 41.078306 | CT54: 42.747112 | CU54: 47.011839 | CV54: 50.263871 | CW54: 47.75353 | CX54: =CW54 -> 47.75353
A55: datastructure | B55: WB.DATA360:DS_DATA360(1.3) | C55: I | D55: A | E55: SLV | F55: WB_WDI_ER_H2O_FWST_ZS | G55: _T | H55: _T | I55: _T | J55: PT_FRSH_WAT_RSC | K55: _Z | L55: _Z | M55: _Z | N55: _Z | O55: RATIO | P55: 2 | Q55: WB_WDI | R55: P1Y | S55: Level of water stress: freshwater withdrawal as a proportion of available freshwater resources | T55: 0 | U55: WB_WDI | V55: PU | W55: A | X55: Annual | Y55: El Salvador | Z55: Level of water stress: freshwater withdrawal as a proportion of available freshwater resources | AA55: Total | AB55: All age ranges or no breakdown by age | AC55: Total | AD55: Percentage of freshwater resources | AE55: Not Applicable | AF55: Not Applicable | AG55: Not Applicable | AH55: Not Applicable | AI55: Ratio | AJ55: Two | AK55: World Development Indicators (WDI) | AL55: Annual | AM55: Units | AN55: Normal value | AO55: Public | BT55: 4.5470992 | BU55: 5.051544 | BV55: 5.5559888 | BW55: 6.0604336 | BX55: 6.5648784 | BY55: 7.0693231 | BZ55: 7.5737679 | CA55: 8.0782127 | CB55: 8.5826575 | CC55: 9.5086712 | CD55: 10.434685 | CE55: 11.360699 | CF55: 12.286213 | CG55: 13.212726 | CH55: 13.146865 | CI55: 13.081004 | CJ55: 13.015144 | CK55: 12.949283 | CL55: 12.883422 | CM55: 12.817561 | CN55: 12.7517 | CO55: 12.685839 | CP55: 12.619979 | CQ55: 12.554118 | CR55: 12.488257 | CS55: 12.422396 | CT55: 12.356535 | CU55: 12.290675 | CV55: 12.224814 | CW55: 12.158953 | CX55: 12.093092
A56: datastructure | B56: WB.DATA360:DS_DATA360(1.3) | C56: I | D56: A | E56: SWE | F56: WB_WDI_ER_H2O_FWST_ZS | G56: _T | H56: _T | I56: _T | J56: PT_FRSH_WAT_RSC | K56: _Z | L56: _Z | M56: _Z | N56: _Z | O56: RATIO | P56: 2 | Q56: WB_WDI | R56: P1Y | S56: Level of water stress: freshwater withdrawal as a proportion of available freshwater resources | T56: 0 | U56: WB_WDI | V56: PU | W56: A | X56: Annual | Y56: Sweden | Z56: Level of water stress: freshwater withdrawal as a proportion of available freshwater resources | AA56: Total | AB56: All age ranges or no breakdown by age | AC56: Total | AD56: Percentage of freshwater resources | AE56: Not Applicable | AF56: Not Applicable | AG56: Not Applicable | AH56: Not Applicable | AI56: Ratio | AJ56: Two | AK56: World Development Indicators (WDI) | AL56: Annual | AM56: Units | AN56: Normal value | AO56: Public | AX56: 5.8773449 | AY56: 5.8952381 | AZ56: 5.9131313 | BA56: 5.9310245 | BB56: 5.9489177 | BC56: 5.966811 | BD56: 5.9584416 | BE56: 5.9500721 | BF56: 5.9417027 | BG56: 5.9333333 | BH56: 5.9249639 | BI56: 5.597114 | BJ56: 5.2692641 | BK56: 4.9414141 | BL56: 4.6135642 | BM56: 4.2857143 | BN56: 4.2867965 | BO56: 4.2878788 | BP56: 4.288961 | BQ56: 4.2900433 | BR56: 4.2828283 | BS56: 4.2864358 | BT56: 4.2900433 | BU56: 4.1707552 | BV56: 4.0514671 | BW56: 3.9321789 | BX56: 3.9220779 | BY56: 3.9119769 | BZ56: 3.9009139 | CA56: 3.8898509 | CB56: 3.8787879 | CC56: 3.8614719 | CD56: 3.8614719 | CE56: 3.8398268 | CF56: 3.8181818 | CG56: 3.7965368 | CH56: 3.7958153 | CI56: 3.7950938 | CJ56: 3.8234728 | CK56: 3.8518519 | CL56: 3.8802309 | CM56: 3.7896104 | CN56: 3.6989899 | CO56: 3.6083694 | CP56: 3.5177489 | CQ56: 3.4271284 | CR56: 3.4582973 | CS56: 3.4894661 | CT56: 3.5206349 | CU56: 3.5518038 | CV56: 3.5829726 | CW56: 3.5829726 | CX56: 3.5829726
A57: datastructure | B57: WB.DATA360:DS_DATA360(1.3) | C57: I | D57: A | E57: PAK | F57: WB_WDI_ER_H2O_FWST_ZS | G57: _T | H57: _T | I57: _T | J57: PT_FRSH_WAT_RSC | K57: _Z | L57: _Z | M57: _Z | N57: _Z | O57: RATIO | P57: 2 | Q57: WB_WDI | R57: P1Y | S57: Level of water stress: freshwater withdrawal as a proportion of available freshwater resources | T57: 0 | U57: WB_WDI | V57: PU | W57: A | X57: Annual | Y57: Pakistan | Z57: Level of water stress: freshwater withdrawal as a proportion of available freshwater resources | AA57: Total | AB57: All age ranges or no breakdown by age | AC57: Total | AD57: Percentage of freshwater resources | AE57: Not Applicable | AF57: Not Applicable | AG57: Not Applicable | AH57: Not Applicable | AI57: Ratio | AJ57: Two | AK57: World Development Indicators (WDI) | AL57: Annual | AM57: Units | AN57: Normal value | AO57: Public | BC57: 94.085025 | BD57: 94.170603 | BE57: 94.256181 | BF57: 94.341758 | BG57: 94.427336 | BH57: 94.512913 | BI57: 94.598491 | BJ57: 94.684068 | BK57: 94.769646 | BL57: 94.855224 | BM57: 94.940801 | BN57: 95.026379 | BO57: 95.111956 | BP57: 95.197534 | BQ57: 95.283111 | BR57: 95.368689 | BS57: 95.454267 | BT57: 96.610297 | BU57: 97.766327 | BV57: 98.922357 | BW57: 100.07839 | BX57: 101.23442 | BY57: 102.39045 | BZ57: 103.54648 | CA57: 104.70251 | CB57: 105.85854 | CC57: 106.64116 | CD57: 107.42378 | CE57: 108.2064 | CF57: 108.98902 | CG57: 109.77164 | CH57: 110.69413 | CI57: 111.61662 | CJ57: 112.56978 | CK57: 112.31826 | CL57: 113.66174 | CM57: 110.10367 | CN57: 115.25673 | CO57: 112.56978 | CP57: 119.54481 | CQ57: 120.79627 | CR57: 122.55076 | CS57: 122.67346 | CT57: 118.23814 | CU57: 108.64978 | CV57: 116.30575 | CW57: 112.97466 | CX57: 109.99325
A58: datastructure | B58: WB.DATA360:DS_DATA360(1.3) | C58: I | D58: A | E58: PRI | F58: WB_WDI_ER_H2O_FWST_ZS | G58: _T | H58: _T | I58: _T | J58: PT_FRSH_WAT_RSC | K58: _Z | L58: _Z | M58: _Z | N58: _Z | O58: RATIO | P58: 2 | Q58: WB_WDI | R58: P1Y | S58: Level of water stress: freshwater withdrawal as a proportion of available freshwater resources | T58: 0 | U58: WB_WDI | V58: PU | W58: A | X58: Annual | Y58: Puerto Rico | Z58: Level of water stress: freshwater withdrawal as a proportion of available freshwater resources | AA58: Total | AB58: All age ranges or no breakdown by age | AC58: Total | AD58: Percentage of freshwater resources | AE58: Not Applicable | AF58: Not Applicable | AG58: Not Applicable | AH58: Not Applicable | AI58: Ratio | AJ58: Two | AK58: World Development Indicators (WDI) | AL58: Annual | AM58: Units | AN58: Normal value | AO58: Public | BR58: 17.805314 | BS58: 17.936816 | BT58: 18.068319 | BU58: 18.199821 | BV58: 18.331324 | BW58: 18.462827 | BX58: 18.594329 | BY58: 18.725832 | BZ58: 18.857334 | CA58: 18.988837 | CB58: 19.120339 | CC58: 19.754409 | CD58: 20.38848 | CE58: 21.02255 | CF58: 21.65662 | CG58: 22.29069 | CH58: 22.373744 | CI58: 22.456798 | CJ58: 22.535834 | CK58: 22.622907 | CL58: 22.705961 | CM58: 22.066533 | CN58: 21.437821 | CO58: 20.803751 | CP58: 20.169681 | CQ58: 19.535611 | CR58: 19.535611 | CS58: 19.535611 | CT58: 19.535611 | CU58: 19.535611 | CV58: 19.535611 | CW58: 19.535611 | CX58: 19.535611
A59: datastructure | B59: WB.DATA360:DS_DATA360(1.3) | C59: I | D59: A | E59: MDV | F59: WB_WDI_ER_H2O_FWST_ZS | G59: _T | H59: _T | I59: _T | J59: PT_FRSH_WAT_RSC | K59: _Z | L59: _Z | M59: _Z | N59: _Z | O59: RATIO | P59: 2 | Q59: WB_WDI | R59: P1Y | S59: Level of water stress: freshwater withdrawal as a proportion of available freshwater resources | T59: 0 | U59: WB_WDI | V59: PU | W59: A | X59: Annual | Y59: Maldives | Z59: Level of water stress: freshwater withdrawal as a proportion of available freshwater resources | AA59: Total | AB59: All age ranges or no breakdown by age | AC59: Total | AD59: Percentage of freshwater resources | AE59: Not Applicable | AF59: Not Applicable | AG59: Not Applicable | AH59: Not Applicable | AI59: Ratio | AJ59: Two | AK59: World Development Indicators (WDI) | AL59: Annual | AM59: Units | AN59: Normal value | AO59: Public | BO59: 11.333333 | BP59: 11.730159 | BQ59: 11.746032 | BR59: 11.952381 | BS59: 11.587302 | BT59: 12.365079 | BU59: 12.571429 | BV59: 12.777778 | BW59: 15.320513 | BX59: 15.88141 | BY59: 16.442308 | BZ59: 17.003205 | CA59: 17.564103 | CB59: 17.666667 | CC59: 17.125 | CD59: 16.916667 | CE59: 16.708333 | CF59: 16.5 | CG59: 14.47619 | CH59: 14.873016 | CI59: 15.460317 | CJ59: 15.666667 | CK59: 9.5238095 | CL59: 3.3809524 | CM59: 15.666667 | CN59: 15.666667 | CO59: 15.666667 | CP59: 15.666667 | CQ59: 15.666667 | CR59: 15.666667 | CS59: 15.666667 | CT59: 15.666667 | CU59: 15.666667 | CV59: 15.666667 | CW59: 15.666667 | CX59: 15.666667
A60: datastructure | B60: WB.DATA360:DS_DATA360(1.3) | C60: I | D60: A | E60: ROU | F60: WB_WDI_ER_H2O_FWST_ZS | G60: _T | H60: _T | I60: _T | J60: PT_FRSH_WAT_RSC | K60: _Z | L60: _Z | M60: _Z | N60: _Z | O60: RATIO | P60: 2 | Q60: WB_WDI | R60: P1Y | S60: Level of water stress: freshwater withdrawal as a proportion of available freshwater resources | T60: 0 | U60: WB_WDI | V60: PU | W60: A | X60: Annual | Y60: Romania | Z60: Level of water stress: freshwater withdrawal as a proportion of available freshwater resources | AA60: Total | AB60: All age ranges or no breakdown by age | AC60: Total | AD60: Percentage of freshwater resources | AE60: Not Applicable | AF60: Not Applicable | AG60: Not Applicable | AH60: Not Applicable | AI60: Ratio | AJ60: Two | AK60: World Development Indicators (WDI) | AL60: Annual | AM60: Units | AN60: Normal value | AO60: Public | AX60: 8.9785601 | AY60: 9.8792248 | AZ60: 10.77989 | BA60: 11.680554 | BB60: 12.581219 | BC60: 13.481884 | BD60: 14.305777 | BE60: 15.12967 | BF60: 15.953562 | BG60: 16.777455 | BH60: 17.601348 | BI60: 17.91967 | BJ60: 18.237993 | BK60: 18.556315 | BL60: 18.874637 | BM60: 19.192959 | BN60: 19.176107 | BO60: 19.159255 | BP60: 19.142402 | BQ60: 19.12555 | BR60: 19.108698 | BS60: 18.96202 | BT60: 18.815342 | BU60: 18.668664 | BV60: 16.824267 | BW60: 14.979871 | BX60: 13.322723 | BY60: 11.665574 | BZ60: 11.946447 | CA60: 11.84346 | CB60: 9.0347346 | CC60: 8.4804794 | CD60: 8.634023 | CE60: 7.9655463 | CF60: 6.6697875 | CG60: 5.7204382 | CH60: 4.9901695 | CI60: 6.4450894 | CJ60: 6.7596667 | CK60: 6.4375995 | CL60: 5.8224885 | CM60: 6.1717068 | CN60: 6.0687202 | CO60: 6.0088007 | CP60: 5.8814718 | CQ60: 6.052804 | CR60: 5.967606 | CS60: 6.3411666 | CT60: 6.0069282 | CU60: 6.5471398 | CV60: 6.9244453 | CW60: 7.3626065 | CX60: 7.6313079
A61: datastructure | B61: WB.DATA360:DS_DATA360(1.3) | C61: I | D61: A | E61: MNG | F61: WB_WDI_ER_H2O_FWST_ZS | G61: _T | H61: _T | I61: _T | J61: PT_FRSH_WAT_RSC | K61: _Z | L61: _Z | M61: _Z | N61: _Z | O61: RATIO | P61: 2 | Q61: WB_WDI | R61: P1Y | S61: Level of water stress: freshwater withdrawal as a proportion of available freshwater resources | T61: 0 | U61: WB_WDI | V61: PU | W61: A | X61: Annual | Y61: Mongolia | Z61: Level of water stress: freshwater withdrawal as a proportion of available freshwater resources | AA61: Total | AB61: All age ranges or no breakdown by age | AC61: Total | AD61: Percentage of freshwater resources | AE61: Not Applicable | AF61: Not Applicable | AG61: Not Applicable | AH61: Not Applicable | AI61: Ratio | AJ61: Two | AK61: World Development Indicators (WDI) | AL61: Annual | AM61: Units | AN61: Normal value | AO61: Public | BU61: 3.1424376 | BV61: 3.205693 | BW61: 3.2689484 | BX61: 3.3322038 | BY61: 3.3954592 | BZ61: 3.4587146 | CA61: 3.52197 | CB61: 3.5852253 | CC61: 3.6484807 | CD61: 3.7117361 | CE61: 3.7749915 | CF61: 3.8382469 | CG61: 3.753304 | CH61: 3.9647577 | CI61: 3.9916789 | CJ61: 4.0186001 | CK61: 4.0455213 | CL61: 3.8969652 | CM61: 3.7484092 | CN61: 3.5998532 | CO61: 3.4512971 | CP61: 3.3027411 | CQ61: 3.154185 | CR61: 3.3950073 | CS61: 3.3950073 | CT61: 3.3950073 | CU61: 3.3950073 | CV61: 3.3950073 | CW61: 3.3950073 | CX61: 3.3950073
A62: datastructure | B62: WB.DATA360:DS_DATA360(1.3) | C62: I | D62: A | E62: LTU | F62: WB_WDI_ER_H2O_FWST_ZS | G62: _T | H62: _T | I62: _T | J62: PT_FRSH_WAT_RSC | K62: _Z | L62: _Z | M62: _Z | N62: _Z | O62: RATIO | P62: 2 | Q62: WB_WDI | R62: P1Y | S62: Level of water stress: freshwater withdrawal as a proportion of available freshwater resources | T62: 0 | U62: WB_WDI | V62: PU | W62: A | X62: Annual | Y62: Lithuania | Z62: Level of water stress: freshwater withdrawal as a proportion of available freshwater resources | AA62: Total | AB62: All age ranges or no breakdown by age | AC62: Total | AD62: Percentage of freshwater resources | AE62: Not Applicable | AF62: Not Applicable | AG62: Not Applicable | AH62: Not Applicable | AI62: Ratio | AJ62: Two | AK62: World Development Indicators (WDI) | AL62: Annual | AM62: Units | AN62: Normal value | AO62: Public | BW62: 31.342466 | BX62: 29.444845 | BY62: 27.547224 | BZ62: 25.649603 | CA62: 23.751983 | CB62: 21.854362 | CC62: 19.956741 | CD62: 19.222062 | CE62: 18.487383 | CF62: 17.752704 | CG62: 17.018025 | CH62: 16.670512 | CI62: 16.322999 | CJ62: 13.371305 | CK62: 10.419611 | CL62: 7.4679164 | CM62: 4.5162221 | CN62: 3.8702235 | CO62: 3.2242249 | CP62: 2.5782264 | CQ62: 2.7527037 | CR62: 2.2198991 | CS62: 1.8673396 | CT62: 1.8341024 | CU62: 2.363266 | CV62: 2.8924297 | CW62: 2.5582552 | CX62: 2.1655371
A63: datastructure | B63: WB.DATA360:DS_DATA360(1.3) | C63: I | D63: A | E63: SGP | F63: WB_WDI_ER_H2O_FWST_ZS | G63: _T | H63: _T | I63: _T | J63: PT_FRSH_WAT_RSC | K63: _Z | L63: _Z | M63: _Z | N63: _Z | O63: RATIO | P63: 2 | Q63: WB_WDI | R63: P1Y | S63: Level of water stress: freshwater withdrawal as a proportion of available freshwater resources | T63: 0 | U63: WB_WDI | V63: PU | W63: A | X63: Annual | Y63: Singapore | Z63: Level of water stress: freshwater withdrawal as a proportion of available freshwater resources | AA63: Total | AB63: All age ranges or no breakdown by age | AC63: Total | AD63: Percentage of freshwater resources | AE63: Not Applicable | AF63: Not Applicable | AG63: Not Applicable | AH63: Not Applicable | AI63: Ratio | AJ63: Two | AK63: World Development Indicators (WDI) | AL63: Annual | AM63: Units | AN63: Normal value | AO63: Public | BC63: 31.666667 | BD63: 43.00375 | BE63: 54.340833 | BF63: 65.677917 | BG63: 77.015 | BH63: 88.352083 | BI63: 99.689167 | BJ63: 111.02625 | BK63: 122.36333 | BL63: 133.70042 | BM63: 145.0375 | BN63: 156.37458 | BO63: 167.71167 | BP63: 179.04875 | BQ63: 190.38583 | BR63: 200.52292 | BS63: 211.86 | BT63: 223.19708 | BU63: 234.53417 | BV63: 245.87125 | BW63: 257.20833 | BX63: 268.54542 | BY63: 279.8825 | BZ63: 291.21958 | CA63: 302.55667 | CB63: 313.89375 | CC63: 328.23617 | CD63: 338.24525 | CE63: 352.521 | CF63: 366.79675 | CG63: 377.51694 | CH63: 346.28914 | CI63: 315.06133 | CJ63: 284.45575 | CK63: 252.1835 | CL63: 219.91125 | CM63: 187.639 | CN63: 160.03342 | CO63: 132.42783 | CP63: 108.50558 | CQ63: 84.583333 | CR63: 84.966667 | CS63: 83.216667 | CT63: 81.383333 | CU63: 82.166667 | CV63: 83.116667 | CW63: 58.185945 | CX63: 33.255223
A64: datastructure | B64: WB.DATA360:DS_DATA360(1.3) | C64: I | D64: A | E64: VCT | F64: WB_WDI_ER_H2O_FWST_ZS | G64: _T | H64: _T | I64: _T | J64: PT_FRSH_WAT_RSC | K64: _Z | L64: _Z | M64: _Z | N64: _Z | O64: RATIO | P64: 2 | Q64: WB_WDI | R64: P1Y | S64: Level of water stress: freshwater withdrawal as a proportion of available freshwater resources | T64: 0 | U64: WB_WDI | V64: PU | W64: A | X64: Annual | Y64: St. Vincent and the Grenadines | Z64: Level of water stress: freshwater withdrawal as a proportion of available freshwater resources | AA64: Total | AB64: All age ranges or no breakdown by age | AC64: Total | AD64: Percentage of freshwater resources | AE64: Not Applicable | AF64: Not Applicable | AG64: Not Applicable | AH64: Not Applicable | AI64: Ratio | AJ64: Two | AK64: World Development Indicators (WDI) | AL64: Annual | AM64: Units | AN64: Normal value | AO64: Public | BW64: 10 | BX64: 9.95 | BY64: 9.9 | BZ64: 9.85 | CA64: 9.8 | CB64: 9.75 | CC64: 9.7 | CD64: 9.4174444 | CE64: 9.3342222 | CF64: 9.251 | CG64: 9.5 | CH64: 9.3 | CI64: 9.1 | CJ64: 8.9 | CK64: 8.7 | CL64: 8.5 | CM64: 8.3 | CN64: 8.1 | CO64: 7.9 | CP64: 7.9 | CQ64: 7.9 | CR64: 7.9 | CS64: 7.9 | CT64: 7.9 | CU64: 7.9 | CV64: 7.9 | CW64: 7.9 | CX64: 7.9
A65: datastructure | B65: WB.DATA360:DS_DATA360(1.3) | C65: I | D65: A | E65: PHL | F65: WB_WDI_ER_H2O_FWST_ZS | G65: _T | H65: _T | I65: _T | J65: PT_FRSH_WAT_RSC | K65: _Z | L65: _Z | M65: _Z | N65: _Z | O65: RATIO | P65: 2 | Q65: WB_WDI | R65: P1Y | S65: Level of water stress: freshwater withdrawal as a proportion of available freshwater resources | T65: 0 | U65: WB_WDI | V65: PU | W65: A | X65: Annual | Y65: Philippines | Z65: Level of water stress: freshwater withdrawal as a proportion of available freshwater resources | AA65: Total | AB65: All age ranges or no breakdown by age | AC65: Total | AD65: Percentage of freshwater resources | AE65: Not Applicable | AF65: Not Applicable | AG65: Not Applicable | AH65: Not Applicable | AI65: Ratio | AJ65: Two | AK65: World Development Indicators (WDI) | AL65: Annual | AM65: Units | AN65: Normal value | AO65: Public | CH65: 24.118007 | CI65: 24.914705 | CJ65: 25.218282 | CK65: 24.933048 | CL65: 25.457964 | CM65: 25.698257 | CN65: 25.756038 | CO65: 25.816876 | CP65: 25.81229 | CQ65: 26.413024 | CR65: 26.632528 | CS65: 28.062146 | CT65: 28.174201 | CU65: 26.289977 | CV65: 26.74328 | CW65: 27.208916 | CX65: 27.831517
A66: datastructure | B66: WB.DATA360:DS_DATA360(1.3) | C66: I | D66: A | E66: ZAF | F66: WB_WDI_ER_H2O_FWST_ZS | G66: _T | H66: _T | I66: _T | J66: PT_FRSH_WAT_RSC | K66: _Z | L66: _Z | M66: _Z | N66: _Z | O66: RATIO | P66: 2 | Q66: WB_WDI | R66: P1Y | S66: Level of water stress: freshwater withdrawal as a proportion of available freshwater resources | T66: 0 | U66: WB_WDI | V66: PU | W66: A | X66: Annual | Y66: South Africa | Z66: Level of water stress: freshwater withdrawal as a proportion of available freshwater resources | AA66: Total | AB66: All age ranges or no breakdown by age | AC66: Total | AD66: Percentage of freshwater resources | AE66: Not Applicable | AF66: Not Applicable | AG66: Not Applicable | AH66: Not Applicable | AI66: Ratio | AJ66: Two | AK66: World Development Indicators (WDI) | AL66: Annual | AM66: Units | AN66: Normal value | AO66: Public | BR66: 42.558437 | BS66: 42.297791 | BT66: 42.037144 | BU66: 41.776497 | BV66: 41.51585 | BW66: 41.255203 | BX66: 41.184758 | BY66: 41.114313 | BZ66: 41.043868 | CA66: 40.973423 | CB66: 40.771694 | CC66: 41.453238 | CD66: 42.134782 | CE66: 42.816326 | CF66: 43.497869 | CG66: 44.179413 | CH66: 44.860957 | CI66: 45.542501 | CJ66: 46.224045 | CK66: 46.905589 | CL66: 47.587133 | CM66: 48.268677 | CN66: 48.95022 | CO66: 45.744476 | CP66: 52.747358 | CQ66: 59.75024 | CR66: 60.967019 | CS66: 62.055716 | CT66: 62.888248 | CU66: 64.040986 | CV66: 65.033622 | CW66: 66.89081 | CX66: 67.595261
A67: datastructure | B67: WB.DATA360:DS_DATA360(1.3) | C67: I | D67: A | E67: KNA | F67: WB_WDI_ER_H2O_FWST_ZS | G67: _T | H67: _T | I67: _T | J67: PT_FRSH_WAT_RSC | K67: _Z | L67: _Z | M67: _Z | N67: _Z | O67: RATIO | P67: 2 | Q67: WB_WDI | R67: P1Y | S67: Level of water stress: freshwater withdrawal as a proportion of available freshwater resources | T67: 0 | U67: WB_WDI | V67: PU | W67: A | X67: Annual | Y67: St. Kitts and Nevis | Z67: Level of water stress: freshwater withdrawal as a proportion of available freshwater resources | AA67: Total | AB67: All age ranges or no breakdown by age | AC67: Total | AD67: Percentage of freshwater resources | AE67: Not Applicable | AF67: Not Applicable | AG67: Not Applicable | AH67: Not Applicable | AI67: Ratio | AJ67: Two | AK67: World Development Indicators (WDI) | AL67: Annual | AM67: Units | AN67: Normal value | AO67: Public | CN67: 50.833333 | CO67: 50.833333 | CP67: 50.833333 | CQ67: 50.833333 | CR67: 50.833333 | CS67: 50.833333 | CT67: 50.833333 | CU67: 50.833333 | CV67: 50.833333 | CW67: 50.833333 | CX67: 50.833333
A68: datastructure | B68: WB.DATA360:DS_DATA360(1.3) | C68: I | D68: A | E68: JOR | F68: WB_WDI_ER_H2O_FWST_ZS | G68: _T | H68: _T | I68: _T | J68: PT_FRSH_WAT_RSC | K68: _Z | L68: _Z | M68: _Z | N68: _Z | O68: RATIO | P68: 2 | Q68: WB_WDI | R68: P1Y | S68: Level of water stress: freshwater withdrawal as a proportion of available freshwater resources | T68: 0 | U68: WB_WDI | V68: PU | W68: A | X68: Annual | Y68: Jordan | Z68: Level of water stress: freshwater withdrawal as a proportion of available freshwater resources | AA68: Total | AB68: All age ranges or no breakdown by age | AC68: Total | AD68: Percentage of freshwater resources | AE68: Not Applicable | AF68: Not Applicable | AG68: Not Applicable | AH68: Not Applicable | AI68: Ratio | AJ68: Two | AK68: World Development Indicators (WDI) | AL68: Annual | AM68: Units | AN68: Normal value | AO68: Public | BC68: 49.950161 | BD68: 51.810832 | BE68: 53.671503 | BF68: 55.532174 | BG68: 57.392845 | BH68: 59.253516 | BI68: 61.114188 | BJ68: 62.974859 | BK68: 64.83553 | BL68: 66.696201 | BM68: 68.556872 | BN68: 74.382545 | BO68: 80.208218 | BP68: 86.033891 | BQ68: 91.859564 | BR68: 92.479787 | BS68: 98.080787 | BT68: 103.68179 | BU68: 101.10082 | BV68: 98.669367 | BW68: 96.237916 | BX68: 93.806465 | BY68: 91.375014 | BZ68: 88.957803 | CA68: 85.765312 | CB68: 82.572821 | CC68: 77.318324 | CD68: 81.810199 | CE68: 82.314922 | CF68: 88.911128 | CG68: 95.93532 | CH68: 101.56163 | CI68: 103.22295 | CJ68: 102.77993 | CK68: 95.580906 | CL68: 98.903533 | CM68: 88.160372 | CN68: 94.030347 | CO68: 99.789567 | CP68: 107.40946 | CQ68: 96.156828 | CR68: 100.07753 | CS68: 100.44302 | CT68: 102.22616 | CU68: 104.31277 | CV68: 106.0494 | CW68: 102.51634 | CX68: 105.20213
A69: datastructure | B69: WB.DATA360:DS_DATA360(1.3) | C69: I | D69: A | E69: MEX | F69: WB_WDI_ER_H2O_FWST_ZS | G69: _T | H69: _T | I69: _T | J69: PT_FRSH_WAT_RSC | K69: _Z | L69: _Z | M69: _Z | N69: _Z | O69: RATIO | P69: 2 | Q69: WB_WDI | R69: P1Y | S69: Level of water stress: freshwater withdrawal as a proportion of available freshwater resources | T69: 0 | U69: WB_WDI | V69: PU | W69: A | X69: Annual | Y69: Mexico | Z69: Level of water stress: freshwater withdrawal as a proportion of available freshwater resources | AA69: Total | AB69: All age ranges or no breakdown by age | AC69: Total | AD69: Percentage of freshwater resources | AE69: Not Applicable | AF69: Not Applicable | AG69: Not Applicable | AH69: Not Applicable | AI69: Ratio | AJ69: Two | AK69: World Development Indicators (WDI) | AL69: Annual | AM69: Units | AN69: Normal value | AO69: Public | BH69: 20.994944 | BI69: 21.223777 | BJ69: 21.452611 | BK69: 21.681444 | BL69: 21.910278 | BM69: 22.139111 | BN69: 22.367945 | BO69: 22.596779 | BP69: 22.825612 | BQ69: 23.054446 | BR69: 23.283279 | BS69: 23.512113 | BT69: 23.740946 | BU69: 23.96978 | BV69: 24.198614 | BW69: 24.427447 | BX69: 24.656281 | BY69: 24.885114 | BZ69: 25.113948 | CA69: 25.342781 | CB69: 25.571615 | CC69: 25.800449 | CD69: 27.120501 | CE69: 28.020766 | CF69: 28.208321 | CG69: 28.583432 | CH69: 28.883521 | CI69: 29.502453 | CJ69: 29.926666 | CK69: 29.926328 | CL69: 29.870062 | CM69: 29.813795 | CN69: 31.032905 | CO69: 30.627785 | CP69: 31.858148 | CQ69: 32.131979 | CR69: 32.475955 | CS69: 32.94972 | CT69: 44.462684 | CU69: 44.71843 | CV69: 44.817024 | CW69: 45.015215 | CX69: 44.945147
A70: datastructure | B70: WB.DATA360:DS_DATA360(1.3) | C70: I | D70: A | E70: PNG | F70: WB_WDI_ER_H2O_FWST_ZS | G70: _T | H70: _T | I70: _T | J70: PT_FRSH_WAT_RSC | K70: _Z | L70: _Z | M70: _Z | N70: _Z | O70: RATIO | P70: 2 | Q70: WB_WDI | R70: P1Y | S70: Level of water stress: freshwater withdrawal as a proportion of available freshwater resources | T70: 0 | U70: WB_WDI | V70: PU | W70: A | X70: Annual | Y70: Papua New Guinea | Z70: Level of water stress: freshwater withdrawal as a proportion of available freshwater resources | AA70: Total | AB70: All age ranges or no breakdown by age | AC70: Total | AD70: Percentage of freshwater resources | AE70: Not Applicable | AF70: Not Applicable | AG70: Not Applicable | AH70: Not Applicable | AI70: Ratio | AJ70: Two | AK70: World Development Indicators (WDI) | AL70: Annual | AM70: Units | AN70: Normal value | AO70: Public | CB70: 0.09153457 | CC70: 0.099676223 | CD70: 0.10781787 | CE70: 0.11595953 | CF70: 0.12410118 | CG70: 0.13224283 | CH70: 0.13224283 | CI70: 0.13224283 | CJ70: 0.13224283 | CK70: 0.13224283 | CL70: 0.13224283 | CM70: 0.13224283 | CN70: 0.13224283 | CO70: 0.13224283 | CP70: 0.13224283 | CQ70: 0.13224283 | CR70: 0.13224283 | CS70: 0.13224283 | CT70: 0.13224283 | CU70: 0.13224283 | CV70: 0.13224283 | CW70: 0.13224283 | CX70: 0.13224283
A71: datastructure | B71: WB.DATA360:DS_DATA360(1.3) | C71: I | D71: A | E71: RUS | F71: WB_WDI_ER_H2O_FWST_ZS | G71: _T | H71: _T | I71: _T | J71: PT_FRSH_WAT_RSC | K71: _Z | L71: _Z | M71: _Z | N71: _Z | O71: RATIO | P71: 2 | Q71: WB_WDI | R71: P1Y | S71: Level of water stress: freshwater withdrawal as a proportion of available freshwater resources | T71: 0 | U71: WB_WDI | V71: PU | W71: A | X71: Annual | Y71: Russian Federation | Z71: Level of water stress: freshwater withdrawal as a proportion of available freshwater resources | AA71: Total | AB71: All age ranges or no breakdown by age | AC71: Total | AD71: Percentage of freshwater resources | AE71: Not Applicable | AF71: Not Applicable | AG71: Not Applicable | AH71: Not Applicable | AI71: Ratio | AJ71: Two | AK71: World Development Indicators (WDI) | AL71: Annual | AM71: Units | AN71: Normal value | AO71: Public | BT71: 6.3340848 | BU71: 5.6186385 | BV71: 4.9031922 | BW71: 4.8056492 | BX71: 4.7081062 | BY71: 4.6105633 | BZ71: 4.5130203 | CA71: 4.4154773 | CB71: 4.8268779 | CC71: 4.2100042 | CD71: 4.1824462 | CE71: 4.1548883 | CF71: 4.1273304 | CG71: 4.4071494 | CH71: 4.0722145 | CI71: 4.0446566 | CJ71: 4.0170986 | CK71: 3.9895407 | CL71: 4.4325875 | CM71: 3.9344248 | CN71: 4.0700947 | CO71: 3.879309 | CP71: 4.5031782 | CQ71: 3.9708861 | CR71: 4.1203349 | CS71: 4.0961687 | CT71: 4.1222427 | CU71: 4.1222427 | CV71: 4.1222427 | CW71: 4.1222427 | CX71: 4.1222427
A72: datastructure | B72: WB.DATA360:DS_DATA360(1.3) | C72: I | D72: A | E72: ESP | F72: WB_WDI_ER_H2O_FWST_ZS | G72: _T | H72: _T | I72: _T | J72: PT_FRSH_WAT_RSC | K72: _Z | L72: _Z | M72: _Z | N72: _Z | O72: RATIO | P72: 2 | Q72: WB_WDI | R72: P1Y | S72: Level of water stress: freshwater withdrawal as a proportion of available freshwater resources | T72: 0 | U72: WB_WDI | V72: PU | W72: A | X72: Annual | Y72: Spain | Z72: Level of water stress: freshwater withdrawal as a proportion of available freshwater resources | AA72: Total | AB72: All age ranges or no breakdown by age | AC72: Total | AD72: Percentage of freshwater resources | AE72: Not Applicable | AF72: Not Applicable | AG72: Not Applicable | AH72: Not Applicable | AI72: Ratio | AJ72: Two | AK72: World Development Indicators (WDI) | AL72: Annual | AM72: Units | AN72: Normal value | AO72: Public | BC72: 49.188821 | BD72: 50.235855 | BE72: 51.28289 | BF72: 52.329925 | BG72: 53.37696 | BH72: 54.423995 | BI72: 55.877301 | BJ72: 57.330607 | BK72: 58.783913 | BL72: 60.237219 | BM72: 61.690525 | BN72: 62.511247 | BO72: 60.043081 | BP72: 57.574915 | BQ72: 55.106748 | BR72: 52.638582 | BS72: 50.170416 | BT72: 49.647807 | BU72: 49.125199 | BV72: 48.60259 | BW72: 48.079982 | BX72: 47.557373 | BY72: 47.034765 | BZ72: 47.764145 | CA72: 48.493524 | CB72: 49.222904 | CC72: 48.815269 | CD72: 48.407635 | CE72: 49.284708 | CF72: 50.161781 | CG72: 51.038855 | CH72: 49.361282 | CI72: 47.683708 | CJ72: 47.408316 | CK72: 49.243354 | CL72: 47.731425 | CM72: 47.811861 | CN72: 49.578732 | CO72: 44.103613 | CP72: 44.797546 | CQ72: 42.963872 | CR72: 42.564417 | CS72: 41.027948 | CT72: 40.09407 | CU72: 39.828903 | CV72: 43.254039 | CW72: 43.254039 | CX72: 43.254039
A73: datastructure | B73: WB.DATA360:DS_DATA360(1.3) | C73: I | D73: A | E73: MRT | F73: WB_WDI_ER_H2O_FWST_ZS | G73: _T | H73: _T | I73: _T | J73: PT_FRSH_WAT_RSC | K73: _Z | L73: _Z | M73: _Z | N73: _Z | O73: RATIO | P73: 2 | Q73: WB_WDI | R73: P1Y | S73: Level of water stress: freshwater withdrawal as a proportion of available freshwater resources | T73: 0 | U73: WB_WDI | V73: PU | W73: A | X73: Annual | Y73: Mauritania | Z73: Level of water stress: freshwater withdrawal as a proportion of available freshwater resources | AA73: Total | AB73: All age ranges or no breakdown by age | AC73: Total | AD73: Percentage of freshwater resources | AE73: Not Applicable | AF73: Not Applicable | AG73: Not Applicable | AH73: Not Applicable | AI73: Ratio | AJ73: Two | AK73: World Development Indicators (WDI) | AL73: Annual | AM73: Units | AN73: Normal value | AO73: Public | BH73: 7.1723325 | BI73: 8.9370702 | BJ73: 10.701808 | BK73: 12.466545 | BL73: 14.231283 | BM73: 15.996021 | BN73: 15.978418 | BO73: 15.960814 | BP73: 15.943211 | BQ73: 15.925608 | BR73: 15.888354 | BS73: 15.870751 | BT73: 15.853147 | BU73: 15.835544 | BV73: 15.817941 | BW73: 15.800337 | BX73: 15.782734 | BY73: 15.765131 | BZ73: 15.747527 | CA73: 15.729924 | CB73: 15.712321 | CC73: 15.083022 | CD73: 14.453724 | CE73: 13.824425 | CF73: 13.195127 | CG73: 13.246217 | CH73: 13.246217 | CI73: 13.246217 | CJ73: 13.246217 | CK73: 13.246217 | CL73: 13.246217 | CM73: 13.246217 | CN73: 13.246217 | CO73: 13.246217 | CP73: 13.246217 | CQ73: 13.246217 | CR73: 13.246217 | CS73: 13.246217 | CT73: 13.246217 | CU73: 13.246217 | CV73: 13.246217 | CW73: 13.246217 | CX73: 13.246217
A74: datastructure | B74: WB.DATA360:DS_DATA360(1.3) | C74: I | D74: A | E74: KHM | F74: WB_WDI_ER_H2O_FWST_ZS | G74: _T | H74: _T | I74: _T | J74: PT_FRSH_WAT_RSC | K74: _Z | L74: _Z | M74: _Z | N74: _Z | O74: RATIO | P74: 2 | Q74: WB_WDI | R74: P1Y | S74: Level of water stress: freshwater withdrawal as a proportion of available freshwater resources | T74: 0 | U74: WB_WDI | V74: PU | W74: A | X74: Annual | Y74: Cambodia | Z74: Level of water stress: freshwater withdrawal as a proportion of available freshwater resources | AA74: Total | AB74: All age ranges or no breakdown by age | AC74: Total | AD74: Percentage of freshwater resources | AE74: Not Applicable | AF74: Not Applicable | AG74: Not Applicable | AH74: Not Applicable | AI74: Ratio | AJ74: Two | AK74: World Development Indicators (WDI) | AL74: Annual | AM74: Units | AN74: Normal value | AO74: Public | CH74: 1.0365449 | CI74: 1.0365449 | CJ74: 1.0365449 | CK74: 1.0365449 | CL74: 1.0365449 | CM74: 1.0365449 | CN74: 1.0365449 | CO74: 1.0365449 | CP74: 1.0365449 | CQ74: 1.0365449 | CR74: 1.0365449 | CS74: 1.0365449 | CT74: 1.0365449 | CU74: 1.0365449 | CV74: 1.0365449 | CW74: 1.0365449 | CX74: 1.0365449
A75: datastructure | B75: WB.DATA360:DS_DATA360(1.3) | C75: I | D75: A | E75: LAO | F75: WB_WDI_ER_H2O_FWST_ZS | G75: _T | H75: _T | I75: _T | J75: PT_FRSH_WAT_RSC | K75: _Z | L75: _Z | M75: _Z | N75: _Z | O75: RATIO | P75: 2 | Q75: WB_WDI | R75: P1Y | S75: Level of water stress: freshwater withdrawal as a proportion of available freshwater resources | T75: 0 | U75: WB_WDI | V75: PU | W75: A | X75: Annual | Y75: Lao PDR | Z75: Level of water stress: freshwater withdrawal as a proportion of available freshwater resources | AA75: Total | AB75: All age ranges or no breakdown by age | AC75: Total | AD75: Percentage of freshwater resources | AE75: Not Applicable | AF75: Not Applicable | AG75: Not Applicable | AH75: Not Applicable | AI75: Ratio | AJ75: Two | AK75: World Development Indicators (WDI) | AL75: Annual | AM75: Units | AN75: Normal value | AO75: Public | CG75: 2.2770535 | CH75: 2.5723598 | CI75: 2.8676662 | CJ75: 3.1629726 | CK75: 3.458279 | CL75: 3.7535854 | CM75: 4.0488918 | CN75: 4.3441982 | CO75: 4.6395046 | CP75: 4.934811 | CQ75: 5.1173403 | CR75: 4.9934811 | CS75: 4.7718383 | CT75: 4.7718383 | CU75: 4.791395 | CV75: 4.791395 | CW75: 4.791395 | CX75: 4.791395
A76: datastructure | B76: WB.DATA360:DS_DATA360(1.3) | C76: I | D76: A | E76: LBN | F76: WB_WDI_ER_H2O_FWST_ZS | G76: _T | H76: _T | I76: _T | J76: PT_FRSH_WAT_RSC | K76: _Z | L76: _Z | M76: _Z | N76: _Z | O76: RATIO | P76: 2 | Q76: WB_WDI | R76: P1Y | S76: Level of water stress: freshwater withdrawal as a proportion of available freshwater resources | T76: 0 | U76: WB_WDI | V76: PU | W76: A | X76: Annual | Y76: Lebanon | Z76: Level of water stress: freshwater withdrawal as a proportion of available freshwater resources | AA76: Total | AB76: All age ranges or no breakdown by age | AC76: Total | AD76: Percentage of freshwater resources | AE76: Not Applicable | AF76: Not Applicable | AG76: Not Applicable | AH76: Not Applicable | AI76: Ratio | AJ76: Two | AK76: World Development Indicators (WDI) | AL76: Annual | AM76: Units | AN76: Normal value | AO76: Public | BC76: 24.367294 | BD76: 25.292872 | BE76: 26.211619 | BF76: 27.144028 | BG76: 28.055945 | BH76: 28.995184 | BI76: 29.90027 | BJ76: 30.84634 | BK76: 31.771918 | BL76: 32.697496 | BM76: 33.623075 | BN76: 34.548653 | BO76: 35.474231 | BP76: 36.399809 | BQ76: 37.325387 | BR76: 38.250965 | BS76: 39.11165 | BT76: 40.044059 | BU76: 40.962806 | BV76: 41.888384 | BW76: 42.645468 | BX76: 43.402552 | BY76: 44.159637 | BZ76: 44.916721 | CA76: 45.673805 | CB76: 41.077223 | CC76: 40.27904 | CD76: 39.480857 | CE76: 38.682674 | CF76: 37.884491 | CG76: 35.561324 | CH76: 37.884491 | CI76: 40.207657 | CJ76: 42.530824 | CK76: 44.853991 | CL76: 47.177158 | CM76: 49.500324 | CN76: 51.823491 | CO76: 54.146658 | CP76: 56.469825 | CQ76: 58.792992 | CR76: 58.792992 | CS76: 58.792992 | CT76: 58.792992 | CU76: 58.792992 | CV76: 58.792992 | CW76: 58.792992 | CX76: 58.792992
A77: datastructure | B77: WB.DATA360:DS_DATA360(1.3) | C77: I | D77: A | E77: CIV | F77: WB_WDI_ER_H2O_FWST_ZS | G77: _T | H77: _T | I77: _T | J77: PT_FRSH_WAT_RSC | K77: _Z | L77: _Z | M77: _Z | N77: _Z | O77: RATIO | P77: 2 | Q77: WB_WDI | R77: P1Y | S77: Level of water stress: freshwater withdrawal as a proportion of available freshwater resources | T77: 0 | U77: WB_WDI | V77: PU | W77: A | X77: Annual | Y77: CÃ´te dâ€™Ivoire | Z77: Level of water stress: freshwater withdrawal as a proportion of available freshwater resources | AA77: Total | AB77: All age ranges or no breakdown by age | AC77: Total | AD77: Percentage of freshwater resources | AE77: Not Applicable | AF77: Not Applicable | AG77: Not Applicable | AH77: Not Applicable | AI77: Ratio | AJ77: Two | AK77: World Development Indicators (WDI) | AL77: Annual | AM77: Units | AN77: Normal value | AO77: Public | BO77: 3.1042032 | BP77: 3.6748395 | BQ77: 4.2454758 | BR77: 4.8161121 | BS77: 4.9605954 | BT77: 5.1050788 | BU77: 5.2495622 | BV77: 5.3940455 | BW77: 5.523059 | BX77: 5.6520724 | BY77: 5.7810858 | BZ77: 5.9100992 | CA77: 6.0391127 | CB77: 6.1681261 | CC77: 6.2910683 | CD77: 6.4140105 | CE77: 6.5369527 | CF77: 6.6598949 | CG77: 6.7828371 | CH77: 6.5944736 | CI77: 6.4015373 | CJ77: 6.2108873 | CK77: 6.0236671 | CL77: 5.8364468 | CM77: 5.6492265 | CN77: 5.4642927 | CO77: 5.2759292 | CP77: 5.0875657 | CQ77: 5.0875657 | CR77: 5.0875657 | CS77: 5.0875657 | CT77: 5.0875657 | CU77: 5.0875657 | CV77: 5.0875657 | CW77: 5.0875657 | CX77: 5.0875657
A78: datastructure | B78: WB.DATA360:DS_DATA360(1.3) | C78: I | D78: A | E78: PER | F78: WB_WDI_ER_H2O_FWST_ZS | G78: _T | H78: _T | I78: _T | J78: PT_FRSH_WAT_RSC | K78: _Z | L78: _Z | M78: _Z | N78: _Z | O78: RATIO | P78: 2 | Q78: WB_WDI | R78: P1Y | S78: Level of water stress: freshwater withdrawal as a proportion of available freshwater resources | T78: 0 | U78: WB_WDI | V78: PU | W78: A | X78: Annual | Y78: Peru | Z78: Level of water stress: freshwater withdrawal as a proportion of available freshwater resources | AA78: Total | AB78: All age ranges or no breakdown by age | AC78: Total | AD78: Percentage of freshwater resources | AE78: Not Applicable | AF78: Not Applicable | AG78: Not Applicable | AH78: Not Applicable | AI78: Ratio | AJ78: Two | AK78: World Development Indicators (WDI) | AL78: Annual | AM78: Units | AN78: Normal value | AO78: Public | CJ78: 2.5270119 | CK78: 2.969579 | CL78: 3.4121461 | CM78: 3.8547131 | CN78: 4.2972802 | CO78: 4.7398472 | CP78: 5.1824143 | CQ78: 5.6249814 | CR78: 6.0675484 | CS78: 6.5101155 | CT78: 6.9526826 | CU78: 7.1814456 | CV78: 7.1814456 | CW78: 4.5765648 | CX78: 4.8284277
A79: datastructure | B79: WB.DATA360:DS_DATA360(1.3) | C79: I | D79: A | E79: BRB | F79: WB_WDI_ER_H2O_FWST_ZS | G79: _T | H79: _T | I79: _T | J79: PT_FRSH_WAT_RSC | K79: _Z | L79: _Z | M79: _Z | N79: _Z | O79: RATIO | P79: 2 | Q79: WB_WDI | R79: P1Y | S79: Level of water stress: freshwater withdrawal as a proportion of available freshwater resources | T79: 0 | U79: WB_WDI | V79: PU | W79: A | X79: Annual | Y79: Barbados | Z79: Level of water stress: freshwater withdrawal as a proportion of available freshwater resources | AA79: Total | AB79: All age ranges or no breakdown by age | AC79: Total | AD79: Percentage of freshwater resources | AE79: Not Applicable | AF79: Not Applicable | AG79: Not Applicable | AH79: Not Applicable | AI79: Ratio | AJ79: Two | AK79: World Development Indicators (WDI) | AL79: Annual | AM79: Units | AN79: Normal value | AO79: Public | AP79: 37.5 | AQ79: 39.375 | AR79: 41.25 | AS79: 43.125 | AT79: 45 | AU79: 46.875 | AV79: 48.75 | AW79: 50.625 | AX79: 52.5 | AY79: 54.375 | AZ79: 56.25 | BA79: 58.125 | BB79: 60 | BC79: 61.875 | BD79: 63.75 | BE79: 65.625 | BF79: 67.5 | BG79: 69.375 | BH79: 71.25 | BI79: 73.125 | BJ79: 75 | BK79: 76.875 | BL79: 78.75 | BM79: 80.625 | BN79: 82.5 | BO79: 84.375 | BP79: 86.25 | BQ79: 88.125 | BR79: 90 | BS79: 91.875 | BT79: 93.75 | BU79: 95.625 | BV79: 97.5 | BW79: 99.375 | BX79: 101.25 | BY79: 101.25 | BZ79: 101.25 | CA79: 101.25 | CB79: 101.25 | CC79: 101.25 | CD79: 101.25 | CE79: 101.25 | CF79: 101.25 | CG79: 87.5 | CH79: 87.5 | CI79: 87.5 | CJ79: 87.5 | CK79: 87.5 | CL79: 87.5 | CM79: 87.5 | CN79: 87.5 | CO79: 87.5 | CP79: 87.5 | CQ79: 87.5 | CR79: 87.5 | CS79: 87.5 | CT79: 87.5 | CU79: 87.5 | CV79: 87.5 | CW79: 87.5 | CX79: 87.5
A80: datastructure | B80: WB.DATA360:DS_DATA360(1.3) | C80: I | D80: A | E80: HTI | F80: WB_WDI_ER_H2O_FWST_ZS | G80: _T | H80: _T | I80: _T | J80: PT_FRSH_WAT_RSC | K80: _Z | L80: _Z | M80: _Z | N80: _Z | O80: RATIO | P80: 2 | Q80: WB_WDI | R80: P1Y | S80: Level of water stress: freshwater withdrawal as a proportion of available freshwater resources | T80: 0 | U80: WB_WDI | V80: PU | W80: A | X80: Annual | Y80: Haiti | Z80: Level of water stress: freshwater withdrawal as a proportion of available freshwater resources | AA80: Total | AB80: All age ranges or no breakdown by age | AC80: Total | AD80: Percentage of freshwater resources | AE80: Not Applicable | AF80: Not Applicable | AG80: Not Applicable | AH80: Not Applicable | AI80: Ratio | AJ80: Two | AK80: World Development Indicators (WDI) | AL80: Annual | AM80: Units | AN80: Normal value | AO80: Public | BS80: 9.0446742 | BT80: 9.7477848 | BU80: 10.450895 | BV80: 11.154006 | BW80: 11.857116 | BX80: 11.966165 | BY80: 12.075213 | BZ80: 12.184261 | CA80: 12.293309 | CB80: 12.402358 | CC80: 12.511406 | CD80: 12.620454 | CE80: 12.729502 | CF80: 12.838551 | CG80: 12.947599 | CH80: 13.056647 | CI80: 13.165695 | CJ80: 13.274744 | CK80: 13.383792 | CL80: 13.383792 | CM80: 13.383792 | CN80: 13.383792 | CO80: 13.383792 | CP80: 13.383792 | CQ80: 13.383792 | CR80: 13.383792 | CS80: 13.383792 | CT80: 13.383792 | CU80: 13.383792 | CV80: 13.383792 | CW80: 13.383792 | CX80: 13.383792
A81: datastructure | B81: WB.DATA360:DS_DATA360(1.3) | C81: I | D81: A | E81: ISR | F81: WB_WDI_ER_H2O_FWST_ZS | G81: _T | H81: _T | I81: _T | J81: PT_FRSH_WAT_RSC | K81: _Z | L81: _Z | M81: _Z | N81: _Z | O81: RATIO | P81: 2 | Q81: WB_WDI | R81: P1Y | S81: Level of water stress: freshwater withdrawal as a proportion of available freshwater resources | T81: 0 | U81: WB_WDI | V81: PU | W81: A | X81: Annual | Y81: Israel | Z81: Level of water stress: freshwater withdrawal as a proportion of available freshwater resources | AA81: Total | AB81: All age ranges or no breakdown by age | AC81: Total | AD81: Percentage of freshwater resources | AE81: Not Applicable | AF81: Not Applicable | AG81: Not Applicable | AH81: Not Applicable | AI81: Ratio | AJ81: Two | AK81: World Development Indicators (WDI) | AL81: Annual | AM81: Units | AN81: Normal value | AO81: Public | AX81: 133.15719 | AY81: 134.20757 | AZ81: 135.12208 | BA81: 136.03658 | BB81: 136.95108 | BC81: 137.86559 | BD81: 138.78009 | BE81: 139.69459 | BF81: 140.60909 | BG81: 141.39419 | BH81: 142.17928 | BI81: 144.84514 | BJ81: 147.511 | BK81: 149.41478 | BL81: 151.31855 | BM81: 153.22233 | BN81: 152.23018 | BO81: 146.32042 | BP81: 143.64593 | BQ81: 140.97144 | BR81: 135.65698 | BS81: 134.75973 | BT81: 133.86248 | BU81: 132.96523 | BV81: 132.06798 | BW81: 132.20602 | BX81: 133.60366 | BY81: 135.00129 | BZ81: 136.39893 | CA81: 137.79657 | CB81: 139.1942 | CC81: 136.17893 | CD81: 133.16366 | CE81: 148.39099 | CF81: 122.42257 | CG81: 121.28663 | CH81: 120.15069 | CI81: 119.01475 | CJ81: 117.87881 | CK81: 116.74288 | CL81: 115.60694 | CM81: 112.25951 | CN81: 108.91209 | CO81: 105.5129 | CP81: 102.14822 | CQ81: 98.869813 | CR81: 103.44233 | CS81: 103.61487 | CT81: 95.936502 | CU81: 100.42274 | CV81: 110.08541 | CW81: 131.99896 | CX81: =CW81 -> 131.99896
A82: datastructure | B82: WB.DATA360:DS_DATA360(1.3) | C82: I | D82: A | E82: STP | F82: WB_WDI_ER_H2O_FWST_ZS | G82: _T | H82: _T | I82: _T | J82: PT_FRSH_WAT_RSC | K82: _Z | L82: _Z | M82: _Z | N82: _Z | O82: RATIO | P82: 2 | Q82: WB_WDI | R82: P1Y | S82: Level of water stress: freshwater withdrawal as a proportion of available freshwater resources | T82: 0 | U82: WB_WDI | V82: PU | W82: A | X82: Annual | Y82: SÃ£o TomÃ© and PrÃ­ncipe | Z82: Level of water stress: freshwater withdrawal as a proportion of available freshwater resources | AA82: Total | AB82: All age ranges or no breakdown by age | AC82: Total | AD82: Percentage of freshwater resources | AE82: Not Applicable | AF82: Not Applicable | AG82: Not Applicable | AH82: Not Applicable | AI82: Ratio | AJ82: Two | AK82: World Development Indicators (WDI) | AL82: Annual | AM82: Units | AN82: Normal value | AO82: Public | BU82: 0.32110092 | BV82: 0.38871161 | BW82: 0.4563223 | BX82: 0.52393299 | BY82: 0.59154368 | BZ82: 0.65915437 | CA82: 0.72676506 | CB82: 0.79437575 | CC82: 0.86198644 | CD82: 0.92959713 | CE82: 0.99720782 | CF82: 1.0648185 | CG82: 1.1324292 | CH82: 1.2000399 | CI82: 1.2676506 | CJ82: 1.3352613 | CK82: 1.402872 | CL82: 1.4704826 | CM82: 1.5380933 | CN82: 1.605704 | CO82: 1.6733147 | CP82: 1.7409254 | CQ82: 1.8085361 | CR82: 1.8761468 | CS82: 1.8761468 | CT82: 1.8761468 | CU82: 1.8761468 | CV82: 1.8761468 | CW82: 1.8761468 | CX82: 1.8761468
A83: datastructure | B83: WB.DATA360:DS_DATA360(1.3) | C83: I | D83: A | E83: GUY | F83: WB_WDI_ER_H2O_FWST_ZS | G83: _T | H83: _T | I83: _T | J83: PT_FRSH_WAT_RSC | K83: _Z | L83: _Z | M83: _Z | N83: _Z | O83: RATIO | P83: 2 | Q83: WB_WDI | R83: P1Y | S83: Level of water stress: freshwater withdrawal as a proportion of available freshwater resources | T83: 0 | U83: WB_WDI | V83: PU | W83: A | X83: Annual | Y83: Guyana | Z83: Level of water stress: freshwater withdrawal as a proportion of available freshwater resources | AA83: Total | AB83: All age ranges or no breakdown by age | AC83: Total | AD83: Percentage of freshwater resources | AE83: Not Applicable | AF83: Not Applicable | AG83: Not Applicable | AH83: Not Applicable | AI83: Ratio | AJ83: Two | AK83: World Development Indicators (WDI) | AL83: Annual | AM83: Units | AN83: Normal value | AO83: Public | BT83: 3.3333333 | BU83: 3.3847032 | BV83: 3.4360731 | BW83: 3.4874429 | BX83: 3.5388128 | BY83: 3.5901826 | BZ83: 3.6415525 | CA83: 3.6929224 | CB83: 3.7442922 | CC83: 3.7092237 | CD83: 3.6741553 | CE83: 3.6390868 | CF83: 3.6040183 | CG83: 3.5689498 | CH83: 3.5148402 | CI83: 3.4607306 | CJ83: 3.406621 | CK83: 3.3525114 | CL83: 3.2984018 | CM83: 3.2984018 | CN83: 3.2984018 | CO83: 3.2984018 | CP83: 3.2984018 | CQ83: 3.2984018 | CR83: 3.2984018 | CS83: 3.2984018 | CT83: 3.2984018 | CU83: 3.2984018 | CV83: 3.2984018 | CW83: 3.2984018 | CX83: 3.2984018
A84: datastructure | B84: WB.DATA360:DS_DATA360(1.3) | C84: I | D84: A | E84: ERI | F84: WB_WDI_ER_H2O_FWST_ZS | G84: _T | H84: _T | I84: _T | J84: PT_FRSH_WAT_RSC | K84: _Z | L84: _Z | M84: _Z | N84: _Z | O84: RATIO | P84: 2 | Q84: WB_WDI | R84: P1Y | S84: Level of water stress: freshwater withdrawal as a proportion of available freshwater resources | T84: 0 | U84: WB_WDI | V84: PU | W84: A | X84: Annual | Y84: Eritrea | Z84: Level of water stress: freshwater withdrawal as a proportion of available freshwater resources | AA84: Total | AB84: All age ranges or no breakdown by age | AC84: Total | AD84: Percentage of freshwater resources | AE84: Not Applicable | AF84: Not Applicable | AG84: Not Applicable | AH84: Not Applicable | AI84: Ratio | AJ84: Two | AK84: World Development Indicators (WDI) | AL84: Annual | AM84: Units | AN84: Normal value | AO84: Public | CB84: 7.937788 | CC84: 8.7471198 | CD84: 9.5564516 | CE84: 10.365783 | CF84: 11.175115 | CG84: 11.175115 | CH84: 11.175115 | CI84: 11.175115 | CJ84: 11.175115 | CK84: 11.175115 | CL84: 11.175115 | CM84: 11.175115 | CN84: 11.175115 | CO84: 11.175115 | CP84: 11.175115 | CQ84: 11.175115 | CR84: 11.175115 | CS84: 11.175115 | CT84: 11.175115 | CU84: 11.175115 | CV84: 11.175115 | CW84: 11.175115 | CX84: 11.175115
A85: datastructure | B85: WB.DATA360:DS_DATA360(1.3) | C85: I | D85: A | E85: NLD | F85: WB_WDI_ER_H2O_FWST_ZS | G85: _T | H85: _T | I85: _T | J85: PT_FRSH_WAT_RSC | K85: _Z | L85: _Z | M85: _Z | N85: _Z | O85: RATIO | P85: 2 | Q85: WB_WDI | R85: P1Y | S85: Level of water stress: freshwater withdrawal as a proportion of available freshwater resources | T85: 0 | U85: WB_WDI | V85: PU | W85: A | X85: Annual | Y85: Netherlands | Z85: Level of water stress: freshwater withdrawal as a proportion of available freshwater resources | AA85: Total | AB85: All age ranges or no breakdown by age | AC85: Total | AD85: Percentage of freshwater resources | AE85: Not Applicable | AF85: Not Applicable | AG85: Not Applicable | AH85: Not Applicable | AI85: Ratio | AJ85: Two | AK85: World Development Indicators (WDI) | AL85: Annual | AM85: Units | AN85: Normal value | AO85: Public | BH85: 17.463452 | BI85: 17.52079 | BJ85: 17.578128 | BK85: 17.635466 | BL85: 17.692804 | BM85: 17.750142 | BN85: 17.231441 | BO85: 16.71274 | BP85: 16.194038 | BQ85: 15.675337 | BR85: 15.156636 | BS85: 15.156636 | BT85: 14.596165 | BU85: 14.035694 | BV85: 13.475223 | BW85: 12.914752 | BX85: 12.354281 | BY85: 13.268464 | BZ85: 14.182647 | CA85: 15.096829 | CB85: 16.011012 | CC85: 16.925195 | CD85: 18.176524 | CE85: 19.427853 | CF85: 20.679182 | CG85: 21.930511 | CH85: 21.352193 | CI85: 20.773875 | CJ85: 20.334156 | CK85: 21.663186 | CL85: 20.751851 | CM85: 19.346877 | CN85: 20.346117 | CO85: 20.201253 | CP85: 18.017847 | CQ85: 15.969242 | CR85: 15.23334 | CS85: 15.029808 | CT85: 16.366984 | CU85: 17.000607 | CV85: 16.803561 | CW85: 16.075663 | CX85: 16.658507
A86: datastructure | B86: WB.DATA360:DS_DATA360(1.3) | C86: I | D86: A | E86: BHR | F86: WB_WDI_ER_H2O_FWST_ZS | G86: _T | H86: _T | I86: _T | J86: PT_FRSH_WAT_RSC | K86: _Z | L86: _Z | M86: _Z | N86: _Z | O86: RATIO | P86: 2 | Q86: WB_WDI | R86: P1Y | S86: Level of water stress: freshwater withdrawal as a proportion of available freshwater resources | T86: 0 | U86: WB_WDI | V86: PU | W86: A | X86: Annual | Y86: Bahrain | Z86: Level of water stress: freshwater withdrawal as a proportion of available freshwater resources | AA86: Total | AB86: All age ranges or no breakdown by age | AC86: Total | AD86: Percentage of freshwater resources | AE86: Not Applicable | AF86: Not Applicable | AG86: Not Applicable | AH86: Not Applicable | AI86: Ratio | AJ86: Two | AK86: World Development Indicators (WDI) | AL86: Annual | AM86: Units | AN86: Normal value | AO86: Public | BR86: 168.01724 | BS86: 170.92175 | BT86: 179.10975 | BU86: 187.83488 | BV86: 196.56001 | BW86: 205.28515 | BX86: 214.01028 | BY86: 222.73541 | BZ86: 231.46054 | CA86: 240.18568 | CB86: 248.91081 | CC86: 234.76238 | CD86: 220.61395 | CE86: 205.77586 | CF86: 201.10502 | CG86: 196.43417 | CH86: 191.76332 | CI86: 187.09248 | CJ86: 182.42163 | CK86: 177.75078 | CL86: 173.07994 | CM86: 168.40909 | CN86: 163.73824 | CO86: 159.0674 | CP86: 154.39655 | CQ86: 137.15517 | CR86: 133.7069 | CS86: 133.7069 | CT86: 133.7069 | CU86: 133.7069 | CV86: 133.7069 | CW86: 133.7069 | CX86: 133.7069
A87: datastructure | B87: WB.DATA360:DS_DATA360(1.3) | C87: I | D87: A | E87: GBR | F87: WB_WDI_ER_H2O_FWST_ZS | G87: _T | H87: _T | I87: _T | J87: PT_FRSH_WAT_RSC | K87: _Z | L87: _Z | M87: _Z | N87: _Z | O87: RATIO | P87: 2 | Q87: WB_WDI | R87: P1Y | S87: Level of water stress: freshwater withdrawal as a proportion of available freshwater resources | T87: 0 | U87: WB_WDI | V87: PU | W87: A | X87: Annual | Y87: United Kingdom | Z87: Level of water stress: freshwater withdrawal as a proportion of available freshwater resources | AA87: Total | AB87: All age ranges or no breakdown by age | AC87: Total | AD87: Percentage of freshwater resources | AE87: Not Applicable | AF87: Not Applicable | AG87: Not Applicable | AH87: Not Applicable | AI87: Ratio | AJ87: Two | AK87: World Development Indicators (WDI) | AL87: Annual | AM87: Units | AN87: Normal value | AO87: Public | BH87: 22.983802 | BI87: 22.30861 | BJ87: 21.633419 | BK87: 20.958227 | BL87: 20.283035 | BM87: 19.607843 | BN87: 19.785166 | BO87: 19.962489 | BP87: 20.139812 | BQ87: 20.317136 | BR87: 20.494459 | BS87: 20.518329 | BT87: 20.542199 | BU87: 20.56607 | BV87: 20.58994 | BW87: 20.613811 | BX87: 20.748152 | BY87: 20.882492 | BZ87: 21.016833 | CA87: 21.151174 | CB87: 21.285515 | CC87: 21.419856 | CD87: 21.554197 | CE87: 21.688538 | CF87: 21.822878 | CG87: 21.957219 | CH87: 22.09156 | CI87: 14.514919 | CJ87: 14.231884 | CK87: 14.119352 | CL87: 14.090367 | CM87: 13.103154 | CN87: 13.669224 | CO87: 13.045183 | CP87: 12.421142 | CQ87: 13.913043 | CR87: 14.354646 | CS87: 14.354646 | CT87: 14.354646 | CU87: 14.354646 | CV87: 14.354646 | CW87: 14.354646 | CX87: 14.354646
A88: datastructure | B88: WB.DATA360:DS_DATA360(1.3) | C88: I | D88: A | E88: UKR | F88: WB_WDI_ER_H2O_FWST_ZS | G88: _T | H88: _T | I88: _T | J88: PT_FRSH_WAT_RSC | K88: _Z | L88: _Z | M88: _Z | N88: _Z | O88: RATIO | P88: 2 | Q88: WB_WDI | R88: P1Y | S88: Level of water stress: freshwater withdrawal as a proportion of available freshwater resources | T88: 0 | U88: WB_WDI | V88: PU | W88: A | X88: Annual | Y88: Ukraine | Z88: Level of water stress: freshwater withdrawal as a proportion of available freshwater resources | AA88: Total | AB88: All age ranges or no breakdown by age | AC88: Total | AD88: Percentage of freshwater resources | AE88: Not Applicable | AF88: Not Applicable | AG88: Not Applicable | AH88: Not Applicable | AI88: Ratio | AJ88: Two | AK88: World Development Indicators (WDI) | AL88: Annual | AM88: Units | AN88: Normal value | AO88: Public | BT88: 33.687484 | BU88: 32.439751 | BV88: 31.189427 | BW88: 29.939103 | BX88: 28.688779 | BY88: 27.438456 | BZ88: 26.188132 | CA88: 24.937808 | CB88: 23.684892 | CC88: 22.858513 | CD88: 22.029541 | CE88: 21.20057 | CF88: 20.371599 | CG88: 19.538741 | CH88: 19.481213 | CI88: 19.419539 | CJ88: 19.358383 | CK88: 19.296968 | CL88: 19.240736 | CM88: 17.960935 | CN88: 16.681135 | CO88: 15.401335 | CP88: 14.121534 | CQ88: 11.80228 | CR88: 12.082146 | CS88: 13.870174 | CT88: 13.870174 | CU88: 13.728945 | CV88: 12.255766 | CW88: 10.841021 | CX88: 6.2981342
A89: datastructure | B89: WB.DATA360:DS_DATA360(1.3) | C89: I | D89: A | E89: BLZ | F89: WB_WDI_ER_H2O_FWST_ZS | G89: _T | H89: _T | I89: _T | J89: PT_FRSH_WAT_RSC | K89: _Z | L89: _Z | M89: _Z | N89: _Z | O89: RATIO | P89: 2 | Q89: WB_WDI | R89: P1Y | S89: Level of water stress: freshwater withdrawal as a proportion of available freshwater resources | T89: 0 | U89: WB_WDI | V89: PU | W89: A | X89: Annual | Y89: Belize | Z89: Level of water stress: freshwater withdrawal as a proportion of available freshwater resources | AA89: Total | AB89: All age ranges or no breakdown by age | AC89: Total | AD89: Percentage of freshwater resources | AE89: Not Applicable | AF89: Not Applicable | AG89: Not Applicable | AH89: Not Applicable | AI89: Ratio | AJ89: Two | AK89: World Development Indicators (WDI) | AL89: Annual | AM89: Units | AN89: Normal value | AO89: Public | BO89: 0.24956326 | BP89: 0.28810959 | BQ89: 0.32665592 | BR89: 0.36520224 | BS89: 0.40374857 | BT89: 0.44229489 | BU89: 0.48084122 | BV89: 0.60150574 | BW89: 0.72217027 | BX89: 0.82979511 | BY89: 0.93741995 | BZ89: 1.0450448 | CA89: 1.1526696 | CB89: 1.2602945 | CC89: 1.2602945 | CD89: 1.2602945 | CE89: 1.2602945 | CF89: 1.2602945 | CG89: 1.2602945 | CH89: 1.2602945 | CI89: 1.2602945 | CJ89: 1.2602945 | CK89: 1.2602945 | CL89: 1.2602945 | CM89: 1.2602945 | CN89: 1.2602945 | CO89: 1.2602945 | CP89: 1.2602945 | CQ89: 1.2602945 | CR89: 1.2602945 | CS89: 1.2602945 | CT89: 1.2602945 | CU89: 1.2602945 | CV89: 1.2602945 | CW89: 1.2602945 | CX89: 1.2602945
A90: datastructure | B90: WB.DATA360:DS_DATA360(1.3) | C90: I | D90: A | E90: GMB | F90: WB_WDI_ER_H2O_FWST_ZS | G90: _T | H90: _T | I90: _T | J90: PT_FRSH_WAT_RSC | K90: _Z | L90: _Z | M90: _Z | N90: _Z | O90: RATIO | P90: 2 | Q90: WB_WDI | R90: P1Y | S90: Level of water stress: freshwater withdrawal as a proportion of available freshwater resources | T90: 0 | U90: WB_WDI | V90: PU | W90: A | X90: Annual | Y90: Gambia, The | Z90: Level of water stress: freshwater withdrawal as a proportion of available freshwater resources | AA90: Total | AB90: All age ranges or no breakdown by age | AC90: Total | AD90: Percentage of freshwater resources | AE90: Not Applicable | AF90: Not Applicable | AG90: Not Applicable | AH90: Not Applicable | AI90: Ratio | AJ90: Two | AK90: World Development Indicators (WDI) | AL90: Annual | AM90: Units | AN90: Normal value | AO90: Public | BJ90: 0.43497173 | BK90: 0.52164624 | BL90: 0.60832075 | BM90: 0.69499527 | BN90: 0.78166978 | BO90: 0.86834429 | BP90: 0.95501881 | BQ90: 1.0416933 | BR90: 1.1283678 | BS90: 1.2150423 | BT90: 1.3017169 | BU90: 1.3883914 | BV90: 1.4750659 | BW90: 1.5617404 | BX90: 1.6484149 | BY90: 1.7350894 | BZ90: 1.8217639 | CA90: 1.9084385 | CB90: 1.9682471 | CC90: 2.0165289 | CD90: 2.0648108 | CE90: 2.1130926 | CF90: 2.1613745 | CG90: 2.2096564 | CH90: 2.2096564 | CI90: 2.2096564 | CJ90: 2.2096564 | CK90: 2.2096564 | CL90: 2.2096564 | CM90: 2.2096564 | CN90: 2.2096564 | CO90: 2.2096564 | CP90: 2.2096564 | CQ90: 2.2096564 | CR90: 2.2096564 | CS90: 2.2096564 | CT90: 2.2096564 | CU90: 2.2096564 | CV90: 2.2096564 | CW90: 2.2096564 | CX90: 2.2096564
A91: datastructure | B91: WB.DATA360:DS_DATA360(1.3) | C91: I | D91: A | E91: BTN | F91: WB_WDI_ER_H2O_FWST_ZS | G91: _T | H91: _T | I91: _T | J91: PT_FRSH_WAT_RSC | K91: _Z | L91: _Z | M91: _Z | N91: _Z | O91: RATIO | P91: 2 | Q91: WB_WDI | R91: P1Y | S91: Level of water stress: freshwater withdrawal as a proportion of available freshwater resources | T91: 0 | U91: WB_WDI | V91: PU | W91: A | X91: Annual | Y91: Bhutan | Z91: Level of water stress: freshwater withdrawal as a proportion of available freshwater resources | AA91: Total | AB91: All age ranges or no breakdown by age | AC91: Total | AD91: Percentage of freshwater resources | AE91: Not Applicable | AF91: Not Applicable | AG91: Not Applicable | AH91: Not Applicable | AI91: Ratio | AJ91: Two | AK91: World Development Indicators (WDI) | AL91: Annual | AM91: Units | AN91: Normal value | AO91: Public | CJ91: 1.4138075 | CK91: 1.4138075 | CL91: 1.4138075 | CM91: 1.4138075 | CN91: 1.4138075 | CO91: 1.4138075 | CP91: 1.4138075 | CQ91: 1.4138075 | CR91: 1.4138075 | CS91: 1.4138075 | CT91: 1.4138075 | CU91: 1.4138075 | CV91: 1.4138075 | CW91: 1.4138075 | CX91: 1.4138075
A92: datastructure | B92: WB.DATA360:DS_DATA360(1.3) | C92: I | D92: A | E92: BLR | F92: WB_WDI_ER_H2O_FWST_ZS | G92: _T | H92: _T | I92: _T | J92: PT_FRSH_WAT_RSC | K92: _Z | L92: _Z | M92: _Z | N92: _Z | O92: RATIO | P92: 2 | Q92: WB_WDI | R92: P1Y | S92: Level of water stress: freshwater withdrawal as a proportion of available freshwater resources | T92: 0 | U92: WB_WDI | V92: PU | W92: A | X92: Annual | Y92: Belarus | Z92: Level of water stress: freshwater withdrawal as a proportion of available freshwater resources | AA92: Total | AB92: All age ranges or no breakdown by age | AC92: Total | AD92: Percentage of freshwater resources | AE92: Not Applicable | AF92: Not Applicable | AG92: Not Applicable | AH92: Not Applicable | AI92: Ratio | AJ92: Two | AK92: World Development Indicators (WDI) | AL92: Annual | AM92: Units | AN92: Normal value | AO92: Public | BW92: 6.5260382 | BX92: 6.4317732 | BY92: 6.3375082 | BZ92: 6.2432432 | CA92: 6.1489782 | CB92: 6.0547132 | CC92: 5.9683586 | CD92: 5.882004 | CE92: 5.7956493 | CF92: 5.7092947 | CG92: 5.62294 | CH92: 5.5187871 | CI92: 5.4146341 | CJ92: 5.3104812 | CK92: 5.2063283 | CL92: 5.1021753 | CM92: 5.0648209 | CN92: 5.0274665 | CO92: 4.9901121 | CP92: 5.1779829 | CQ92: 4.7725775 | CR92: 4.7824654 | CS92: 4.6143705 | CT92: 4.5814107 | CU92: 4.4759394 | CV92: 4.37706 | CW92: 4.6967699 | CX92: 4.6605142
A93: datastructure | B93: WB.DATA360:DS_DATA360(1.3) | C93: I | D93: A | E93: SAU | F93: WB_WDI_ER_H2O_FWST_ZS | G93: _T | H93: _T | I93: _T | J93: PT_FRSH_WAT_RSC | K93: _Z | L93: _Z | M93: _Z | N93: _Z | O93: RATIO | P93: 2 | Q93: WB_WDI | R93: P1Y | S93: Level of water stress: freshwater withdrawal as a proportion of available freshwater resources | T93: 0 | U93: WB_WDI | V93: PU | W93: A | X93: Annual | Y93: Saudi Arabia | Z93: Level of water stress: freshwater withdrawal as a proportion of available freshwater resources | AA93: Total | AB93: All age ranges or no breakdown by age | AC93: Total | AD93: Percentage of freshwater resources | AE93: Not Applicable | AF93: Not Applicable | AG93: Not Applicable | AH93: Not Applicable | AI93: Ratio | AJ93: Two | AK93: World Development Indicators (WDI) | AL93: Annual | AM93: Units | AN93: Normal value | AO93: Public | BT93: 671.66667 | BU93: 690.39688 | BV93: 708.54375 | BW93: 728.02396 | BX93: 746.2125 | BY93: 765.35938 | BZ93: 783.88125 | CA93: 801.56979 | CB93: 819.75833 | CC93: 832.64427 | CD93: 847.78021 | CE93: 858.16615 | CF93: 870.13542 | CG93: 894.82031 | CH93: 943.33333 | CI93: 936.12847 | CJ93: 928.92361 | CK93: 921.71875 | CL93: 914.51389 | CM93: 907.30903 | CN93: 900.10417 | CO93: 894.23958 | CP93: 894.70833 | CQ93: 948.875 | CR93: 929.58333 | CS93: 955.95833 | CT93: 974.16667 | CU93: 974.16667 | CV93: 974.16667 | CW93: 974.16667 | CX93: 974.16667
A94: datastructure | B94: WB.DATA360:DS_DATA360(1.3) | C94: I | D94: A | E94: HRV | F94: WB_WDI_ER_H2O_FWST_ZS | G94: _T | H94: _T | I94: _T | J94: PT_FRSH_WAT_RSC | K94: _Z | L94: _Z | M94: _Z | N94: _Z | O94: RATIO | P94: 2 | Q94: WB_WDI | R94: P1Y | S94: Level of water stress: freshwater withdrawal as a proportion of available freshwater resources | T94: 0 | U94: WB_WDI | V94: PU | W94: A | X94: Annual | Y94: Croatia | Z94: Level of water stress: freshwater withdrawal as a proportion of available freshwater resources | AA94: Total | AB94: All age ranges or no breakdown by age | AC94: Total | AD94: Percentage of freshwater resources | AE94: Not Applicable | AF94: Not Applicable | AG94: Not Applicable | AH94: Not Applicable | AI94: Ratio | AJ94: Two | AK94: World Development Indicators (WDI) | AL94: Annual | AM94: Units | AN94: Normal value | AO94: Public | CD94: 1.2750111 | CE94: 1.3608588 | CF94: 1.3492028 | CG94: 1.3682589 | CH94: 1.4103093 | CI94: 1.4472464 | CJ94: 1.4742108 | CK94: 1.5335705 | CL94: 1.5184615 | CM94: 1.4771165 | CN94: 1.451205 | CO94: 1.3981948 | CP94: 1.2892663 | CQ94: 1.3802623 | CR94: 1.4153201 | CS94: 1.5028301 | CT94: 1.4866741 | CU94: 1.4939973 | CV94: 1.4628724 | CW94: 1.4784349 | CX94: 1.5095598
A95: datastructure | B95: WB.DATA360:DS_DATA360(1.3) | C95: I | D95: A | E95: KWT | F95: WB_WDI_ER_H2O_FWST_ZS | G95: _T | H95: _T | I95: _T | J95: PT_FRSH_WAT_RSC | K95: _Z | L95: _Z | M95: _Z | N95: _Z | O95: RATIO | P95: 2 | Q95: WB_WDI | R95: P1Y | S95: Level of water stress: freshwater withdrawal as a proportion of available freshwater resources | T95: 0 | U95: WB_WDI | V95: PU | W95: A | X95: Annual | Y95: Kuwait | Z95: Level of water stress: freshwater withdrawal as a proportion of available freshwater resources | AA95: Total | AB95: All age ranges or no breakdown by age | AC95: Total | AD95: Percentage of freshwater resources | AE95: Not Applicable | AF95: Not Applicable | AG95: Not Applicable | AH95: Not Applicable | AI95: Ratio | AJ95: Two | AK95: World Development Indicators (WDI) | AL95: Annual | AM95: Units | AN95: Normal value | AO95: Public | BU95: 1535 | BV95: 1295.3175 | BW95: 1385.5724 | BX95: 1475.8274 | BY95: 1566.0823 | BZ95: 1656.3373 | CA95: 1784.0923 | CB95: 1911.8472 | CC95: 1993.4236 | CD95: 2075 | CE95: 2176.8462 | CF95: 2278.6923 | CG95: 2380.5385 | CH95: 2482.3846 | CI95: 2584.2308 | CJ95: 2686.0769 | CK95: 2787.9231 | CL95: 2889.7692 | CM95: 2991.6154 | CN95: 3093.4615 | CO95: 3195.3077 | CP95: 3297.1538 | CQ95: 3399 | CR95: 3575 | CS95: 3850.5 | CT95: 3850.5 | CU95: 3850.5 | CV95: 3850.5 | CW95: 3850.5 | CX95: 3850.5
A96: datastructure | B96: WB.DATA360:DS_DATA360(1.3) | C96: I | D96: A | E96: BWA | F96: WB_WDI_ER_H2O_FWST_ZS | G96: _T | H96: _T | I96: _T | J96: PT_FRSH_WAT_RSC | K96: _Z | L96: _Z | M96: _Z | N96: _Z | O96: RATIO | P96: 2 | Q96: WB_WDI | R96: P1Y | S96: Level of water stress: freshwater withdrawal as a proportion of available freshwater resources | T96: 0 | U96: WB_WDI | V96: PU | W96: A | X96: Annual | Y96: Botswana | Z96: Level of water stress: freshwater withdrawal as a proportion of available freshwater resources | AA96: Total | AB96: All age ranges or no breakdown by age | AC96: Total | AD96: Percentage of freshwater resources | AE96: Not Applicable | AF96: Not Applicable | AG96: Not Applicable | AH96: Not Applicable | AI96: Ratio | AJ96: Two | AK96: World Development Indicators (WDI) | AL96: Annual | AM96: Units | AN96: Normal value | AO96: Public | BM96: 0.94112726 | BN96: 0.97542612 | BO96: 1.009725 | BP96: 1.0440238 | BQ96: 1.0783227 | BR96: 1.1126216 | BS96: 1.1471296 | BT96: 1.1816376 | BU96: 1.2876015 | BV96: 1.3935655 | BW96: 1.4995294 | BX96: 1.605354 | BY96: 1.7111785 | BZ96: 1.817003 | CA96: 1.9228276 | CB96: 2.0286521 | CC96: 2.0316941 | CD96: 2.0347362 | CE96: 2.0377782 | CF96: 2.0408202 | CG96: 2.0438622 | CH96: 2.0469043 | CI96: 2.0499463 | CJ96: 2.0529883 | CK96: 2.0560303 | CL96: 2.0590724 | CM96: 2.0621144 | CN96: 2.0328349 | CO96: 1.9988497 | CP96: 1.9648646 | CQ96: 1.9648646 | CR96: 2.104988 | CS96: 2.0181951 | CT96: 2.1332218 | CU96: 2.1123079 | CV96: 2.3050047 | CW96: 2.442973 | CX96: 2.2300098
A97: datastructure | B97: WB.DATA360:DS_DATA360(1.3) | C97: I | D97: A | E97: TTO | F97: WB_WDI_ER_H2O_FWST_ZS | G97: _T | H97: _T | I97: _T | J97: PT_FRSH_WAT_RSC | K97: _Z | L97: _Z | M97: _Z | N97: _Z | O97: RATIO | P97: 2 | Q97: WB_WDI | R97: P1Y | S97: Level of water stress: freshwater withdrawal as a proportion of available freshwater resources | T97: 0 | U97: WB_WDI | V97: PU | W97: A | X97: Annual | Y97: Trinidad and Tobago | Z97: Level of water stress: freshwater withdrawal as a proportion of available freshwater resources | AA97: Total | AB97: All age ranges or no breakdown by age | AC97: Total | AD97: Percentage of freshwater resources | AE97: Not Applicable | AF97: Not Applicable | AG97: Not Applicable | AH97: Not Applicable | AI97: Ratio | AJ97: Two | AK97: World Development Indicators (WDI) | AL97: Annual | AM97: Units | AN97: Normal value | AO97: Public | BY97: 17.956469 | BZ97: 18.299073 | CA97: 18.641677 | CB97: 18.984281 | CC97: 19.359129 | CD97: 19.733978 | CE97: 20.108827 | CF97: 20.483676 | CG97: 18.681983 | CH97: 18.956066 | CI97: 19.230149 | CJ97: 19.504232 | CK97: 19.778315 | CL97: 20.052398 | CM97: 20.326481 | CN97: 20.326481 | CO97: 20.326481 | CP97: 20.326481 | CQ97: 20.326481 | CR97: 20.326481 | CS97: 20.326481 | CT97: 20.326481 | CU97: 20.326481 | CV97: 20.326481 | CW97: 20.326481 | CX97: 20.326481
A98: datastructure | B98: WB.DATA360:DS_DATA360(1.3) | C98: I | D98: A | E98: ZWE | F98: WB_WDI_ER_H2O_FWST_ZS | G98: _T | H98: _T | I98: _T | J98: PT_FRSH_WAT_RSC | K98: _Z | L98: _Z | M98: _Z | N98: _Z | O98: RATIO | P98: 2 | Q98: WB_WDI | R98: P1Y | S98: Level of water stress: freshwater withdrawal as a proportion of available freshwater resources | T98: 0 | U98: WB_WDI | V98: PU | W98: A | X98: Annual | Y98: Zimbabwe | Z98: Level of water stress: freshwater withdrawal as a proportion of available freshwater resources | AA98: Total | AB98: All age ranges or no breakdown by age | AC98: Total | AD98: Percentage of freshwater resources | AE98: Not Applicable | AF98: Not Applicable | AG98: Not Applicable | AH98: Not Applicable | AI98: Ratio | AJ98: Two | AK98: World Development Indicators (WDI) | AL98: Annual | AM98: Units | AN98: Normal value | AO98: Public | BO98: 11.453248 | BP98: 13.321442 | BQ98: 15.189636 | BR98: 17.05783 | BS98: 18.926023 | BT98: 20.794217 | BU98: 22.662411 | BV98: 24.530605 | BW98: 26.398798 | BX98: 28.266992 | BY98: 30.135186 | BZ98: 32.00338 | CA98: 33.871573 | CB98: 35.739767 | CC98: 37.607961 | CD98: 39.476155 | CE98: 38.28389 | CF98: 37.091626 | CG98: 35.899362 | CH98: 34.707097 | CI98: 33.514833 | CJ98: 33.310294 | CK98: 33.105755 | CL98: 32.901216 | CM98: 32.696677 | CN98: 32.492138 | CO98: 32.287599 | CP98: 32.08306 | CQ98: 31.87852 | CR98: 31.937664 | CS98: 31.346226 | CT98: 35.405385 | CU98: 39.769662 | CV98: 46.09162 | CW98: 46.09162 | CX98: 46.09162
A99: datastructure | B99: WB.DATA360:DS_DATA360(1.3) | C99: I | D99: A | E99: ECU | F99: WB_WDI_ER_H2O_FWST_ZS | G99: _T | H99: _T | I99: _T | J99: PT_FRSH_WAT_RSC | K99: _Z | L99: _Z | M99: _Z | N99: _Z | O99: RATIO | P99: 2 | Q99: WB_WDI | R99: P1Y | S99: Level of water stress: freshwater withdrawal as a proportion of available freshwater resources | T99: 0 | U99: WB_WDI | V99: PU | W99: A | X99: Annual | Y99: Ecuador | Z99: Level of water stress: freshwater withdrawal as a proportion of available freshwater resources | AA99: Total | AB99: All age ranges or no breakdown by age | AC99: Total | AD99: Percentage of freshwater resources | AE99: Not Applicable | AF99: Not Applicable | AG99: Not Applicable | AH99: Not Applicable | AI99: Ratio | AJ99: Two | AK99: World Development Indicators (WDI) | AL99: Annual | AM99: Units | AN99: Normal value | AO99: Public | CB99: 6.4064979 | CC99: 6.4816689 | CD99: 6.5568399 | CE99: 6.6320109 | CF99: 6.7071819 | CG99: 6.7823529 | CH99: 6.7823529 | CI99: 6.7823529 | CJ99: 6.7823529 | CK99: 6.7823529 | CL99: 6.7823529 | CM99: 6.7823529 | CN99: 6.7823529 | CO99: 6.7823529 | CP99: 6.7823529 | CQ99: 6.7823529 | CR99: 6.7823529 | CS99: 6.7823529 | CT99: 6.7823529 | CU99: 6.7823529 | CV99: 6.7823529 | CW99: 6.7823529 | CX99: 6.7823529
A100: datastructure | B100: WB.DATA360:DS_DATA360(1.3) | C100: I | D100: A | E100: GRD | F100: WB_WDI_ER_H2O_FWST_ZS | G100: _T | H100: _T | I100: _T | J100: PT_FRSH_WAT_RSC | K100: _Z | L100: _Z | M100: _Z | N100: _Z | O100: RATIO | P100: 2 | Q100: WB_WDI | R100: P1Y | S100: Level of water stress: freshwater withdrawal as a proportion of available freshwater resources | T100: 0 | U100: WB_WDI | V100: PU | W100: A | X100: Annual | Y100: Grenada | Z100: Level of water stress: freshwater withdrawal as a proportion of available freshwater resources | AA100: Total | AB100: All age ranges or no breakdown by age | AC100: Total | AD100: Percentage of freshwater resources | AE100: Not Applicable | AF100: Not Applicable | AG100: Not Applicable | AH100: Not Applicable | AI100: Ratio | AJ100: Two | AK100: World Development Indicators (WDI) | AL100: Annual | AM100: Units | AN100: Normal value | AO100: Public | CG100: 5 | CH100: 5.2277778 | CI100: 5.4555556 | CJ100: 5.6833333 | CK100: 5.9111111 | CL100: 6.1388889 | CM100: 6.3666667 | CN100: 6.5944444 | CO100: 6.8222222 | CP100: 7.05 | CQ100: 7.05 | CR100: 7.05 | CS100: 7.05 | CT100: 7.05 | CU100: 7.05 | CV100: 7.05 | CW100: 7.05 | CX100: 7.05
...

Sheet Raw>>

Sheet WB_WDI_ER_H2O_FWST_ZS_WIDEF (1)
A1: STRUCTURE,STRUCTURE_ID,ACTION,FREQ,REF_AREA,INDICATOR,SEX,AGE,URBANISATION,UNIT_MEASURE,COMP_BREAKDOWN_1,COMP_BREAKDOWN_2,COMP_BREAKDOWN_3,AGG_METHOD,UNIT_TYPE,DECIMALS,DATABASE_ID,TIME_FORMAT,COMMENT_TS,UNIT_MULT,DATA_SOURCE,OBS_CONF,OBS_STATUS,FREQ_LABEL,REF_AREA_LABEL,INDICATOR_LABEL,SEX_LABEL,AGE_LABEL,URBANISATION_LABEL,UNIT_MEASURE_LABEL,COMP_BREAKDOWN_1_LABEL,COMP_BREAKDOWN_2_LABEL,COMP_BREAKDOWN_3_LABEL,AGG_METHOD_LABEL,UNIT_TYPE_LABEL,DECIMALS_LABEL,DATABASE_ID_LABEL,TIME_FORMAT_LABEL,UNIT_MULT_LABEL,OBS_STATUS_LABEL,OBS_CONF_LABEL,1962,1963,1964,1965,1966,1967,1968,1969,1970,1971,1972,1973,1974,1975,1976,1977,1978,1979,1980,1981,1982,1983,1984,1985,1986,1987,1988,1989,1990,1991,1992,1993,1994,1995,1996,1997,1998,1999,2000,2001,2002,2003,2004,2005,2006,2007,2008,2009,2010,2011,2012,2013,2014,2015,2016,2017,2018,2019,2020,2021,2022
A2: datastructure,WB.DATA360:DS_DATA360(1.3),I,A,VNM,WB_WDI_ER_H2O_FWST_ZS,_T,_T,_T,PT_FRSH_WAT_RSC,_Z,_Z,_Z,_Z,RATIO,2,WB_WDI,P1Y,Level of water stress: freshwater withdrawal as a proportion of available freshwater resources,0,WB_WDI,PU,A,Annual,Vietnam,Level of water stress: freshwater withdrawal as a proportion of available freshwater resources,Total,All age ranges or no breakdown by age,Total,Percentage of freshwater resources,Not Applicable,Not Applicable,Not Applicable,Not Applicable,Ratio,Two,World Development Indicators (WDI),Annual,Units,Normal value,Public,,,,,,,,,,,,,,,,,,,8.385010631,8.713235294,9.041459958,9.369684621,9.697909284,10.02613395,10.30288802,10.5796421,10.85639617,11.13315025,11.40990432,11.85940822,12.30891212,12.75841602,13.20791992,13.65742381,14.10692771,14.55643161,15.00593551,15.4554394,15.9049433,16.35745925,16.80997519,17.22373317,17.67624911,18.13031538,18.13031538,18.13031538,18.13031538,18.13031538,18.13031538,18.13031538,18.13031538,18.13031538,18.13031538,18.13031538,18.13031538,18.13031538,18.13031538,18.13031538,18.13031538,18.13031538,18.13031538
A3: datastructure,WB.DATA360:DS_DATA360(1.3),I,A,NGA,WB_WDI_ER_H2O_FWST_ZS,_T,_T,_T,PT_FRSH_WAT_RSC,_Z,_Z,_Z,_Z,RATIO,2,WB_WDI,P1Y,Level of water stress: freshwater withdrawal as a proportion of available freshwater resources,0,WB_WDI,PU,A,Annual,Nigeria,Level of water stress: freshwater withdrawal as a proportion of available freshwater resources,Total,All age ranges or no breakdown by age,Total,Percentage of freshwater resources,Not Applicable,Not Applicable,Not Applicable,Not Applicable,Ratio,Two,World Development Indicators (WDI),Annual,Units,Normal value,Public,,,,,,,,,,,,,,,,,,,,,,,,,,4.333333333,4.6143709,4.895766249,5.174657126,5.455873584,5.737090042,6.0183065,6.299522958,6.580739416,6.861955874,7.143709004,7.42438879,7.705784138,7.986821705,8.183410853,8.38,8.576589147,8.773178295,8.969767442,9.109457364,9.249147287,9.388837209,9.528527132,9.668217054,9.668217054,9.668217054,9.668217054,9.668217054,9.668217054,9.668217054,9.668217054,9.668217054,9.668217054,9.668217054,9.668217054,9.668217054
A4: datastructure,WB.DATA360:DS_DATA360(1.3),I,A,SVN,WB_WDI_ER_H2O_FWST_ZS,_T,_T,_T,PT_FRSH_WAT_RSC,_Z,_Z,_Z,_Z,RATIO,2,WB_WDI,P1Y,Level of water stress: freshwater withdrawal as a proportion of available freshwater resources,0,WB_WDI,PU,A,Annual,Slovenia,Level of water stress: freshwater withdrawal as a proportion of available freshwater resources,Total,All age ranges or no breakdown by age,Total,Percentage of freshwater resources,Not Applicable,Not Applicable,Not Applicable,Not Applicable,Ratio,Two,World Development Indicators (WDI),Annual,Units,Normal value,Public,,,,,,,,,,,,,,,,,,,,,,,,,,,,,,,,,,,,,,,,,6.079783638,6.134775749,6.189767861,6.244759973,6.284651792,6.324543611,7.031778229,6.373901285,6.257606491,5.749154834,6.274509804,7.813387424,6.628127113,6.064908722,5.999323868,6.29749831,6.497633536,6.382691007,6.781609195,6.29479378,5.591615957
A5: datastructure,WB.DATA360:DS_DATA360(1.3),I,A,CAN,WB_WDI_ER_H2O_FWST_ZS,_T,_T,_T,PT_FRSH_WAT_RSC,_Z,_Z,_Z,_Z,RATIO,2,WB_WDI,P1Y,Level of water stress: freshwater withdrawal as a proportion of available freshwater resources,0,WB_WDI,PU,A,Annual,Canada,Level of water stress: freshwater withdrawal as a proportion of available freshwater resources,Total,All age ranges or no breakdown by age,Total,Percentage of freshwater resources,Not Applicable,Not Applicable,Not Applicable,Not Applicable,Ratio,Two,World Development Indicators (WDI),Annual,Units,Normal value,Public,,,,,,,,,,,,,,,,,,,,,,,,,4.346035015,4.405581874,4.465128733,4.524675592,4.584222451,4.64376931,4.584449022,4.525128733,4.465808445,4.406488157,4.347167868,4.338800674,4.33043348,4.322066286,4.313699092,4.305331898,4.296964704,4.28859751,4.280230316,4.271863121,4.263495927,4.255128733,4.125365603,3.995602472,3.830962925,3.666323378,3.752832132,3.839340886,3.759526262,3.679711638,3.706642637,3.733573635,3.733573635,3.733573635,3.733573635,3.720700309,3.720700309
A6: datastructure,WB.DATA360:DS_DATA360(1.3),I,A,EST,WB_WDI_ER_H2O_FWST_ZS,_T,_T,_T,PT_FRSH_WAT_RSC,_Z,_Z,_Z,_Z,RATIO,2,WB_WDI,P1Y,Level of water stress: freshwater withdrawal as a proportion of available freshwater resources,0,WB_WDI,PU,A,Annual,Estonia,Level of water stress: freshwater withdrawal as a proportion of available freshwater resources,Total,All age ranges or no breakdown by age,Total,Percentage of freshwater resources,Not Applicable,Not Applicable,Not Applicable,Not Applicable,Ratio,Two,World Development Indicators (WDI),Annual,Units,Normal value,Public,,,,,,,,,,,,,,,,,,,,,,,,,,,,,,,28.46320346,23.87445887,19.28571429,14.6969697,14.78262214,14.86827458,14.95392703,15.03957947,15.12523191,15.21088435,15.2965368,16.20670996,17.11688312,18.02705628,18.93722944,19.8474026,17.35930736,14.91341991,19.93506494,20.28138528,17.65151515,18.91774892,18.61471861,17.4820632,18.95454545,19.31709957,17.40844156,10.89231602,9.231085498,10.81980133,13.04628519
A7: datastructure,WB.DATA360:DS_DATA360(1.3),I,A,BFA,WB_WDI_ER_H2O_FWST_ZS,_T,_T,_T,PT_FRSH_WAT_RSC,_Z,_Z,_Z,_Z,RATIO,2,WB_WDI,P1Y,Level of water stress: freshwater withdrawal as a proportion of available freshwater resources,0,WB_WDI,PU,A,Annual,Burkina Faso,Level of water stress: freshwater withdrawal as a proportion of available freshwater resources,Total,All age ranges or no breakdown by age,Total,Percentage of freshwater resources,Not Applicable,Not Applicable,Not Applicable,Not Applicable,Ratio,Two,World Development Indicators (WDI),Annual,Units,Normal value,Public,,,,,,,,,,,,,,,,,,,,,,,,2.772466539,2.889866157,3.007265774,3.124665392,3.24206501,3.359464627,3.477055449,3.594646272,3.778627576,3.96260888,4.146590185,4.330571489,4.514552794,5.544933078,5.86998088,6.195028681,6.520076482,6.845124283,7.170172084,7.495219885,7.820267686,7.820267686,7.820267686,7.820267686,7.820267686,7.820267686,7.820267686,7.820267686,7.820267686,7.820267686,7.820267686,7.820267686,7.820267686,7.820267686,7.820267686,7.820267686,7.820267686,7.820267686
A8: datastructure,WB.DATA360:DS_DATA360(1.3),I,A,QAT,WB_WDI_ER_H2O_FWST_ZS,_T,_T,_T,PT_FRSH_WAT_RSC,_Z,_Z,_Z,_Z,RATIO,2,WB_WDI,P1Y,Level of water stress: freshwater withdrawal as a proportion of available freshwater resources,0,WB_WDI,PU,A,Annual,Qatar,Level of water stress: freshwater withdrawal as a proportion of available freshwater resources,Total,All age ranges or no breakdown by age,Total,Percentage of freshwater resources,Not Applicable,Not Applicable,Not Applicable,Not Applicable,Ratio,Two,World Development Indicators (WDI),Annual,Units,Normal value,Public,,,,,,,,,,,,,,258.6206897,270.862069,283.1034483,295.3448276,307.5862069,319.8275862,332.0689655,344.3103448,356.5517241,368.7931034,381.0344828,393.2758621,405.5172414,417.7586207,430.0,330.1724138,327.7586207,325.3448276,322.9310345,277.0689655,277.9885057,278.908046,279.8275862,280.7471264,281.6666667,282.5862069,300.8965517,321.9655172,341.6551724,361.3448276,374.137931,381.2931034,388.4482759,395.6034483,402.7586207,409.9137931,417.0689655,424.2241379,431.3793103,434.6551724,431.0344828,432.4137931,431.0344828,431.0344828,431.0344828,431.0344828,431.0344828,431.0344828
A9: datastructure,WB.DATA360:DS_DATA360(1.3),I,A,HUN,WB_WDI_ER_H2O_FWST_ZS,_T,_T,_T,PT_FRSH_WAT_RSC,_Z,_Z,_Z,_Z,RATIO,2,WB_WDI,P1Y,Level of water stress: freshwater withdrawal as a proportion of available freshwater resources,0,WB_WDI,PU,A,Annual,Hungary,Level of water stress: freshwater withdrawal as a proportion of available freshwater resources,Total,All age ranges or no breakdown by age,Total,Percentage of freshwater resources,Not Applicable,Not Applicable,Not Applicable,Not Applicable,Ratio,Two,World Development Indicators (WDI),Annual,Units,Normal value,Public,,,,,,,,,5.147495682,5.487875648,5.828255613,6.168635579,6.509015544,6.84939551,7.139274611,7.429153713,7.719032815,8.008911917,8.298791019,8.832642487,9.366493955,9.900345423,10.43419689,10.96804836,11.16210215,11.35615593,11.55020972,11.74426351,11.9383173,12.13237108,12.32642487,11.84006908,11.3537133,10.86735751,10.38100173,10.30886586,10.23672999,10.16459413,10.09245826,10.02032239,9.948186529,9.853770869,9.75935521,9.664939551,9.570523892,9.476108233,9.381692573,10.95336788,9.274611399,9.02417962,8.723661485,9.067357513,6.775474957,6.960276339,6.837651123,8.180518135,8.494752155,7.708246978,7.739896373,7.718307427,8.108497409
A10: datastructure,WB.DATA360:DS_DATA360(1.3),I,A,TKM,WB_WDI_ER_H2O_FWST_ZS,_T,_T,_T,PT_FRSH_WAT_RSC,_Z,_Z,_Z,_Z,RATIO,2,WB_WDI,P1Y,Level of water stress: freshwater withdrawal as a proportion of available freshwater resources,0,WB_WDI,PU,A,Annual,Turkmenistan,Level of water stress: freshwater withdrawal as a proportion of available freshwater resources,Total,All age ranges or no breakdown by age,Total,Percentage of freshwater resources,Not Applicable,Not Applicable,Not Applicable,Not Applicable,Ratio,Two,World Development Indicators (WDI),Annual,Units,Normal value,Public,,,,,,,,,,,,,,,,,,,,,,,,,,,,,,,,,122.0917053,123.0612227,124.0307402,125.0002576,125.969775,126.9392925,127.9088099,130.9362871,133.9637644,136.9912416,143.5600206,143.5600206,143.5600206,143.6902112,143.8204019,143.9505925,144.0807831,144.2109737,144.3411643,144.471355,144.6015456,144.7317362,144.8619268,148.6666667,138.4853168,142.7516744,135.2138073,135.2138073,135.2138073
A11: datastructure,WB.DATA360:DS_DATA360(1.3),I,A,LBR,WB_WDI_ER_H2O_FWST_ZS,_T,_T,_T,PT_FRSH_WAT_RSC,_Z,_Z,_Z,_Z,RATIO,2,WB_WDI,P1Y,Level of water stress: freshwater withdrawal as a proportion of available freshwater resources,0,WB_WDI,PU,A,Annual,Liberia,Level of water stress: freshwater withdrawal as a proportion of available freshwater resources,Total,All age ranges or no breakdown by age,Total,Percentage of freshwater resources,Not Applicable,Not Applicable,Not Applicable,Not Applicable,Ratio,Two,World Development Indicators (WDI),Annual,Units,Normal value,Public,,,,,,,,,,,,,,,,,,,,,,,,,,0.235507246,0.235618729,0.235730212,0.235841695,0.235953177,0.23606466,0.236176143,0.236287625,0.236399108,0.236510591,0.236622074,0.236733556,0.236845039,0.236956522,0.242427536,0.247898551,0.253369565,0.25884058,0.264311594,0.264311594,0.264311594,0.264311594,0.264311594,0.264311594,0.264311594,0.264311594,0.264311594,0.264311594,0.264311594,0.264311594,0.264311594,0.264311594,0.264311594,0.264311594,0.264311594,0.264311594
A12: datastructure,WB.DATA360:DS_DATA360(1.3),I,A,TJK,WB_WDI_ER_H2O_FWST_ZS,_T,_T,_T,PT_FRSH_WAT_RSC,_Z,_Z,_Z,_Z,RATIO,2,WB_WDI,P1Y,Level of water stress: freshwater withdrawal as a proportion of available freshwater resources,0,WB_WDI,PU,A,Annual,Tajikistan,Level of water stress: freshwater withdrawal as a proportion of available freshwater resources,Total,All age ranges or no breakdown by age,Total,Percentage of freshwater resources,Not Applicable,Not Applicable,Not Applicable,Not Applicable,Ratio,Two,World Development Indicators (WDI),Annual,Units,Normal value,Public,,,,,,,,,,,,,,,,,,,,,,,,,,,,,,,,,75.99947223,76.86700092,77.73452962,78.60205832,79.46958702,80.33711571,81.20464441,79.97954875,78.75445309,77.52935744,76.30426178,75.07916612,73.85407046,73.28598027,72.71789008,72.14979989,71.58170969,71.0136195,70.44552931,69.87743912,69.30934893,68.74125874,57.7186964,52.69824515,64.48080222,69.94326428,69.94326428,69.94326428,69.94326428
... A179: datastructure,WB.DATA360:DS_DATA360(1.3),I,A,NIC,WB_WDI_ER_H2O_FWST_ZS,_T,_T,_T,PT_FRSH_WAT_RSC,_Z,_Z,_Z,_Z,RATIO,2,WB_WDI,P1Y,Level of water stress: freshwater withdrawal as a proportion of available freshwater resources,0,WB_WDI,PU,A,Annual,Nicaragua,Level of water stress: freshwater withdrawal as a proportion of available freshwater resources,Total,All age ranges or no breakdown by age,Total,Percentage of freshwater resources,Not Applicable,Not Applicable,Not Applicable,Not Applicable,Ratio,Two,World Development Indicators (WDI),Annual,Units,Normal value,Public,,,,,,,,,,,,,,,,,,,,,,,,,,,,,,,,,,,,,2.2414515,2.331281361,2.419192171,2.509022032,2.539826538,2.570631044,2.60143555,2.632240056,2.651430565,2.670621075,2.689811584,2.663836199,2.637860813,2.611885428,2.563012276,2.514139123,2.465265971,2.416392819,2.367519666,2.318646514,2.269773362,2.219818563,2.220900209,2.220900209,2.220900209
